Workbook

Sheet Workflows tracker
B1: ORDER | C1: ITEM | D1: JOB NAME | E1: EE | F1: MD | G1: SPECIAL PAINT | H1: RE | I1: CPD | J1: WF TYPE | K1: MECH WORKFLOW | L1: WF START DATE | M1: WF COMPLETION DATE | N1: MD WF STATUS | O1: WORKDAYS ACTIVE | P1: WORKDAYS ELAPSED (RE) | Q1: MECH NOTES/ PENDINGS | R1: EE WF TYPE | S1: ELECTRICAL WORKFLOW | T1: WF START DATE | U1: WF COMPLETION DATE | V1: EE WF STATUS | W1: ACTIVE DAYS | X1: ELECTRICAL NOTES/ PENDINGS
B2: 0051035283 | C2: 10 | D2: SWITCHGEAR UPGRADE | E2: LGS | F2: OAL | G2: STD | H2: 45709 | Q2: Finalizado | R2: MAKE | S2: WF1648774 | V2: C
Q3: Finalizado | R3: MAKE | S3: WF1645448 | V3: C
Q4: Finalizado | R4: MAKE | S4: WF1647369 | V4: C
C5: 50 | Q5: Finalizado | R5: MAKE | S5: WF1652523 | V5: C
B6: 0050206201 | C6: 000180 | D6: AT&T GREENWOOD - GEAR ORDER | E6: MGL | F6: KGF | G6: STD | H6: 45762 | J6: MAKE | K6: WF1669049 | L6: 45748 | M6: 45759 | N6: C | O6: =_xlfn.DAYS(M6,L6) -> 11 | P6: =_xlfn.DAYS(M6,H6) -> -3 | Q6: Finalizado | R6: MAKE | S6: WF1650858 | V6: C
J7: BUY | K7: WF1668571 | L7: 45747 | M7: 45758 | N7: C | O7: =_xlfn.DAYS(M7,L7) -> 11 | P7: =_xlfn.DAYS(M7,H6) -> -4 | R7: MAKE | S7: WF1650861 | V7: C | Z7: (Mech) Proceso de orden:
J8: MAKE | K8: WF1668543 | L8: 45747 | M8: 45759 | N8: C | O8: =_xlfn.DAYS(M8,L8) -> 12 | P8: =_xlfn.DAYS(M8,H6) -> -3 | R8: MAKE | S8: WF1650856 | V8: x
J9: MAKE | K9: WF1668522 | L9: 45747 | M9: 45759 | N9: C | O9: =_xlfn.DAYS(M9,L9) -> 12 | P9: =_xlfn.DAYS(M9,H6) -> -3 | R9: MAKE | S9: WF1650863 | V9: C | Z9: Finalizado | AA9: Tarea cerrada en Symmetry, orden finalizada
J10: MAKE | K10: WF1669148 | L10: 45748 | M10: 45761 | N10: C | O10: =_xlfn.DAYS(M10,L10) -> 13 | P10: =_xlfn.DAYS(M10,H6) -> -1 | R10: BUY | S10: WF1651638 | V10: C | Z10: Actualizado | AA10: BOM actualizado, pendiente cerrar tarea
J11: MAKE | K11: WF1669064 | L11: 45748 | M11: 45751 | N11: C | O11: =_xlfn.DAYS(M11,L11) -> 3 | P11: =_xlfn.DAYS(M11,H6) -> -11 | R11: MAKE | S11: WF1655340 | V11: C | Z11: Completado | AA11: Pendiente BOM y cerrar tarea, WFs completados
J12: MAKE | K12: WF1669179 | L12: 45748 | M12: 45754 | N12: C | O12: =_xlfn.DAYS(M12,L12) -> 6 | P12: =_xlfn.DAYS(M12,H6) -> -8 | R12: MAKE | S12: WF1655339 | V12: C | Z12: Cancelado | AA12: Orden cancelada
J13: MAKE | K13: WF1669735 | L13: 45749 | M13: 45756 | N13: C | O13: =_xlfn.DAYS(M13,L13) -> 7 | P13: =_xlfn.DAYS(M13,H6) -> -6 | R13: MAKE | S13: WF1657391 | V13: C
J14: BUY | K14: WF1670537 | L14: 45750 | M14: 45761 | N14: C | O14: =_xlfn.DAYS(M14,L14) -> 11 | P14: =_xlfn.DAYS(M14,H6) -> -1 | R14: MAKE | S14: WF1658163 | V14: C | Z14: Proceso de workflows:
O15: =_xlfn.DAYS(M15,L15) -> 0 | R15: MAKE | S15: WF1651072 | V15: C
B16: 0050206201 | C16: 000170 | D16: AT&T GREENWOOD - GEAR ORDER | E16: DR | F16: OAL | G16: STD | H16: 45762 | J16: MAKE | K16: WF1667259 | L16: 45743 | M16: 45759 | N16: C | O16: =_xlfn.DAYS(M16,L16) -> 16 | P16: =_xlfn.DAYS(M16,H16) -> -3 | Q16: Finalizado | R16: BUY | S16: WF1662321 | V16: x | Z16: C | AA16: Workflow completado
J17: MAKE | K17: WF1674297 | L17: 45757 | M17: 45777 | N17: C | O17: =_xlfn.DAYS(M17,L17) -> 20 | P17: =_xlfn.DAYS(M17,H16) -> 15 | R17: BUY | S17: WF1650836 | V17: C | Z17: x | AA17: Workflow cancelado
R18: MAKE | S18: WF1650838 | V18: C | Z18: xx/xx/xxxx | AA18: Fecha de último workflow completado
B19: 0050206201 | C19: 000160 | D19: AT&T GREENWOOD - GEAR ORDER | E19: JAM | F19: ADL | G19: STD | H19: 45769 | J19: MAKE | K19: WF1674295 | L19: 45757 | M19: 45770 | N19: C | O19: =_xlfn.DAYS(M19,L19) -> 13 | P19: =_xlfn.DAYS(M19,H19) -> 1 | Q19: Finalizado | R19: MAKE | S19: WF1656091 | V19: C | Z19: xx | AA19: Mayor # días activos
J20: MAKE | K20: WF1674300 | L20: 45757 | M20: 45770 | N20: C | O20: =_xlfn.DAYS(M20,L20) -> 13 | P20: =_xlfn.DAYS(M20,H19) -> 1 | R20: MAKE | S20: WF1660918 | V20: C | Z20: xx | AA20: Día más tardío desde RM
J21: MAKE | K21: WF1674297 | L21: 45757 | M21: 45777 | N21: C | O21: =_xlfn.DAYS(M21,L21) -> 20 | P21: =_xlfn.DAYS(M21,H19) -> 8 | R21: BUY | S21: WF1658800 | V21: x | Z21: I | AA21: En proceso
J22: BUY | K22: WF1670537 | L22: 45750 | M22: 45761 | N22: C | O22: =_xlfn.DAYS(M22,L22) -> 11 | P22: =_xlfn.DAYS(M22,H19) -> -8 | R22: BUY | S22: WF1671148
J23: BUY | K23: WF1668571 | L23: 45747 | M23: 45758 | N23: C | O23: =_xlfn.DAYS(M23,L23) -> 11 | P23: =_xlfn.DAYS(M23,H19) -> -11
J24: MAKE | K24: WF1676370 | L24: 45762 | M24: 45776 | N24: C | O24: =_xlfn.DAYS(M24,L24) -> 14 | P24: =_xlfn.DAYS(M24,H19) -> 7
J25: BUY | K25: WF1675631 | L25: 45761 | M25: 45777 | N25: C | O25: =_xlfn.DAYS(M25,L25) -> 16 | P25: =_xlfn.DAYS(M25,H19) -> 8
J26: MAKE | K26: WF1669148 | L26: 45748 | M26: 45761 | N26: C | O26: =_xlfn.DAYS(L26,M26) -> -13 | P26: =_xlfn.DAYS(M26,H19) -> -8 | R26: MAKE | S26: WF1648985 | V26: C
B27: 0050535728 | C27: 000130 | D27: AO SMITH MCBEE SC | E27: AOB | H27: 45702 | R27: MAKE | S27: WF1593968 | V27: C
B28: 0050465708 | C28: 000270 | D28: COLLIER COUNTY NCWRF | E28: DEV | R28: BUY | S28: WF1672649
R29: BUY | S29: WF1672650
B30: 0050546671 | C30: 460 | D30: JOHN JAY COLLEGE OF CRIMINAL JUSTI | E30: OAC | F30: VL | G30: STD | H30: 17/02/2025 | R30: BUY
R31: MAKE
R32: MAKE
E33: DMA | F33: ADL | H33: 17/02/2025 | R33: BUY
R34: MAKE
B35: 0050754152 | C35: 90 | D35: TOWER SEMICONDUCTOR - SAN ANTONIO - ALTE | E35: JTV | H35: 45705 | Q35: ON HOLD | R35: BUY | S35: WF1635286 | V35: C
R36: MAKE | S36: WF1634581 | V36: C
R37: MAKE | S37: WF1634544 | V37: C
R38: BUY | S38: WF1634504 | V38: C
R39: MAKE | S39: WF1634071 | V39: C
R40: MAKE | S40: WF1634066 | V40: C
R41: MAKE | S41: WF1634065 | V41: C
B42: 0050529183 | C42: 000450 | D42: USSF ANTENNA FACILITY PROJECT | E42: JMZ | F42: KGF | G42: MISAWA | H42: 45713
C43: 000460 | E43: AOB | F43: DPM | R43: BUY | S43: WF1634013 | V43: C
B44: 0050959328 | C44: 000010 | D44: NSBSL SUBSTATION REPLACEMENT | E44: RAS | F44: OAL | G44: STD | H44: 45726 | R44: BUY | S44: WF1654489 | V44: C
R45: MAKE | S45: WF1654647 | V45: C
B46: 0050780333 | C46: 000110 | D46: UCSF PRAB 60CD MAR 2024 LONG LEAD SWITCH | E46: LMB | F46: ADL | G46: ANSI61 | H46: 45730 | J46: MAKE | K46: WF1654754 | L46: 45719 | M46: 45740 | N46: C | O46: =_xlfn.DAYS(M46,L46) -> 21 | P46: =_xlfn.DAYS(M46,H46) -> 10 | Q46: Finalizado
J47: BUY | K47: WF1654753 | L47: 45719 | M47: 45729 | N47: C | O47: =_xlfn.DAYS(M47,L47) -> 10 | P47: =_xlfn.DAYS(M47,H46) -> -1
J48: MAKE | K48: WF1654757 | L48: 45719 | M48: 45736 | N48: C | O48: =_xlfn.DAYS(M48,L48) -> 17 | P48: =_xlfn.DAYS(M48,H46) -> 6
J49: MAKE | K49: WF1656229 | L49: 45721 | M49: 45740 | N49: C | O49: =_xlfn.DAYS(M49,L49) -> 19 | P49: =_xlfn.DAYS(M49,H46) -> 10
J50: BUY | K50: WF1656216 | L50: 45721 | M50: 45729 | N50: C | O50: =_xlfn.DAYS(M50,L50) -> 8 | P50: =_xlfn.DAYS(M50,H46) -> -1
J51: MAKE | K51: WF1665200 | L51: 45740 | M51: 45744 | N51: C | O51: =_xlfn.DAYS(M51,L51) -> 4 | P51: =_xlfn.DAYS(M51,H46) -> 14
J52: MAKE | K52: WF1665204 | L52: 45740 | M52: 45744 | N52: C | O52: =_xlfn.DAYS(M52,L52) -> 4 | P52: =_xlfn.DAYS(M52,H46) -> 14
J53: MAKE | K53: WF1654786 | L53: 45719 | M53: 45740 | N53: C | O53: =_xlfn.DAYS(M53,L53) -> 21 | P53: =_xlfn.DAYS(M53,H46) -> 10
B54: 0050255139 | C54: 000780 | D54: CHARLOTTE WATER-MT. HOLLY PS & STOWE - | E54: KYC | F54: VL | G54: STD | H54: 45730 | J54: MAKE | K54: WF1650970 | L54: 45712 | M54: 45727 | N54: C | O54: =_xlfn.DAYS(M54,L54) -> 15 | P54: =_xlfn.DAYS(M54,H54) -> -3 | Q54: Finalizado | R54: MAKE | S54: WF1647350
J55: MAKE | K55: WF1654659 | L55: 45719 | M55: 45728 | N55: C | O55: =_xlfn.DAYS(M55,L55) -> 9 | P55: =_xlfn.DAYS(M55,H54) -> -2
J56: MAKE | K56: WF1652400 | L56: 45714 | M56: 45722 | N56: C | O56: =_xlfn.DAYS(M56,L56) -> 8 | P56: =_xlfn.DAYS(M56,H54) -> -8
J57: MAKE | K57: WF1654591 | L57: 45719 | M57: 45728 | N57: C | O57: =_xlfn.DAYS(M57,L57) -> 9 | P57: =_xlfn.DAYS(M57,H54) -> -2
J58: MAKE | K58: WF1655177 | L58: 45720 | M58: 45735 | N58: C | O58: =_xlfn.DAYS(M58,L58) -> 15 | P58: =_xlfn.DAYS(M58,H54) -> 5
J59: BUY | K59: WF1655377 | L59: 45720 | M59: 45729 | N59: C | O59: =_xlfn.DAYS(M59,L59) -> 9 | P59: =_xlfn.DAYS(M59,H54) -> -1
B60: 0050746660 | C60: 000030 | D60: PINELLAS COUNTY DUNN WWTP _ PALM HARBOR | E60: JTV | F60: KGF | G60: STD | H60: 45730 | J60: BUY | K60: WF1656782 | L60: 45722 | M60: 45735 | N60: C | O60: =_xlfn.DAYS(M60,L60) -> 13 | P60: =_xlfn.DAYS(M60,H60) -> 5 | Q60: Finalizado | R60: MAKE | S60: WF1659119 | V60: C
J61: MAKE | K61: WF1656778 | L61: 45722 | M61: 45735 | N61: C | O61: =_xlfn.DAYS(M61,L61) -> 13 | P61: =_xlfn.DAYS(M61,H60) -> 5
J62: BUY | K62: WF1656725 | L62: 45722 | M62: 45741 | N62: C | O62: =_xlfn.DAYS(M62,L62) -> 19 | P62: =_xlfn.DAYS(M62,H60) -> 11
J63: MAKE | K63: WF1656722 | L63: 45722 | M63: 45741 | N63: C | O63: =_xlfn.DAYS(M63,L63) -> 19 | P63: =_xlfn.DAYS(M63,H60) -> 11
J64: BUY | K64: WF1657370 | L64: 45723 | M64: 45735 | N64: C | O64: =_xlfn.DAYS(M64,L64) -> 12 | P64: =_xlfn.DAYS(M64,H60) -> 5
J65: MAKE | K65: WF1663892 | L65: 45736 | M65: 45743 | N65: C | O65: =_xlfn.DAYS(M65,L65) -> 7 | P65: =_xlfn.DAYS(M65,H60) -> 13
J66: MAKE | K66: WF1657486 | L66: 45723 | M66: 45729 | N66: C | O66: =_xlfn.DAYS(M66,L66) -> 6 | P66: =_xlfn.DAYS(M66,H60) -> -1
B67: 0051150882 | C67: 000010 | D67: IRON MOUNTAIN RM#6 | E67: CFC | F67: OAL | G67: STD | H67: 45744 | J67: BUY | K67: WF1660919 | L67: 45730 | M67: 45741 | N67: C | O67: =_xlfn.DAYS(M67,L67) -> 11 | P67: =_xlfn.DAYS(M67,H67) -> -3 | Q67: Finalizado
J68: MAKE | K68: WF1660921 | L68: 45730 | M68: 45740 | N68: C | O68: =_xlfn.DAYS(M68,L68) -> 10 | P68: =_xlfn.DAYS(M68,H67) -> -4
J69: MAKE | K69: WF1660933 | L69: 45730 | M69: 45742 | N69: C | O69: =_xlfn.DAYS(M69,L69) -> 12 | P69: =_xlfn.DAYS(M69,H67) -> -2
J70: MAKE | K70: WF1661019 | L70: 45730 | M70: 45742 | N70: C | O70: =_xlfn.DAYS(M70,L70) -> 12 | P70: =_xlfn.DAYS(M70,H67) -> -2
B71: 0051199249 | C71: 000050 | D71: INTEL SOW707 FEDERAL FOUNDRY OSM | E71: ADT | F71: LDT | G71: STD | H71: 45765 | J71: MAKE | K71: WF1672871 | L71: 45755 | M71: 45776 | N71: C | O71: =_xlfn.DAYS(M71,L71) -> 21 | P71: =_xlfn.DAYS(M71,H71) -> 11 | Q71: Finalizado
J72: BUY | K72: WF1672864 | L72: 45755 | M72: 45772 | N72: C | O72: =_xlfn.DAYS(M72,L72) -> 17 | P72: =_xlfn.DAYS(M72,H71) -> 7
J73: MAKE | K73: WF1672746 | L73: 45755 | M73: 45766 | N73: C | O73: =_xlfn.DAYS(M73,L73) -> 11 | P73: =_xlfn.DAYS(M73,H71) -> 1
J74: MAKE | K74: WF1670586 | L74: 45750 | M74: 45756 | N74: C | O74: =_xlfn.DAYS(M74,L74) -> 6 | P74: =_xlfn.DAYS(M74,H71) -> -9
J75: MAKE | K75: WF1672131 | L75: 45754 | M75: 45766 | N75: C | O75: =_xlfn.DAYS(M75,L75) -> 12 | P75: =_xlfn.DAYS(M75,H71) -> 1
B76: 0051199249 | C76: 000040 | D76: INTEL SOW707 FEDERAL FOUNDRY OSM | E76: OAC | F76: DPM | G76: STD | H76: 45768 | J76: MAKE | K76: WF1670547 | L76: 45750 | M76: 45757 | N76: C | O76: =_xlfn.DAYS(M76,L76) -> 7 | P76: =_xlfn.DAYS(M76,H76) -> -11 | Q76: Finalizado
J77: BUY | K77: WF1672053 | L77: 45754 | M77: 45764 | N77: C | O77: =_xlfn.DAYS(M77,L77) -> 10 | P77: =_xlfn.DAYS(M77,H76) -> -4
J78: MAKE | K78: WF1672069 | L78: 45754 | M78: 45764 | N78: C | O78: =_xlfn.DAYS(M78,L78) -> 10 | P78: =_xlfn.DAYS(M78,H76) -> -4
J79: MAKE | K79: WF1672080 | L79: 45754 | M79: 45758 | N79: C | O79: =_xlfn.DAYS(M79,L79) -> 4 | P79: =_xlfn.DAYS(M79,H76) -> -10
J80: MAKE | K80: WF1672589 | L80: 45755 | M80: 45761 | N80: C | O80: =_xlfn.DAYS(M80,L80) -> 6 | P80: =_xlfn.DAYS(M80,H76) -> -7
J81: MAKE | K81: WF1672697 | L81: 45755 | M81: 45766 | N81: C | O81: =_xlfn.DAYS(M81,L81) -> 11 | P81: =_xlfn.DAYS(M81,H76) -> -2
J82: MAKE | K82: WF1672726 | L82: 45755 | M82: 45766 | N82: C | O82: =_xlfn.DAYS(M82,L82) -> 11 | P82: =_xlfn.DAYS(M82,H76) -> -2
J83: MAKE | K83: WF1672783 | L83: 45755 | M83: 45766 | N83: C | O83: =_xlfn.DAYS(M83,L83) -> 11 | P83: =_xlfn.DAYS(M83,H76) -> -2
J84: MAKE | K84: WF1672790 | L84: 45755 | M84: 45761 | N84: C | O84: =_xlfn.DAYS(M84,L84) -> 6 | P84: =_xlfn.DAYS(M84,H76) -> -7
C85: 000030 | F85: VL | J85: BUY | K85: WF1672805 | L85: 45755 | M85: 45763 | N85: C | O85: =_xlfn.DAYS(M85,L85) -> 8 | P85: =_xlfn.DAYS(M85,H76) -> -5 | Q85: Finalizado
J86: MAKE | K86: WF1672826 | L86: 45755 | M86: 45763 | N86: C | O86: =_xlfn.DAYS(M86,L86) -> 8 | P86: =_xlfn.DAYS(M86,H76) -> -5
J87: MAKE | K87: WF1672131 | L87: 45754 | M87: 45766 | N87: C | O87: =_xlfn.DAYS(M87,L87) -> 12 | P87: =_xlfn.DAYS(M87,H76) -> -2
J88: MAKE | K88: WF1670586 | L88: 45750 | M88: 45756 | N88: C | O88: =_xlfn.DAYS(M88,L88) -> 6 | P88: =_xlfn.DAYS(M88,H76) -> -12
J89: MAKE | K89: WF1675519 | L89: 45761 | M89: 45776 | N89: C | O89: =_xlfn.DAYS(M89,L89) -> 15 | P89: =_xlfn.DAYS(M89,H76) -> 8
J90: BUY | K90: WF1675650 | L90: 45761 | M90: 45777 | N90: C | O90: =_xlfn.DAYS(M90,L90) -> 16 | P90: =_xlfn.DAYS(M90,H76) -> 9
J91: MAKE | K91: WF1675659 | L91: 45761 | M91: 45777 | N91: C | O91: =_xlfn.DAYS(M91,L91) -> 16 | P91: =_xlfn.DAYS(M91,H76) -> 9
J92: BUY | K92: WF1676327 | L92: 45762 | M92: 45772 | N92: C | O92: =_xlfn.DAYS(M92,L92) -> 10 | P92: =_xlfn.DAYS(M92,H76) -> 4
J93: MAKE | K93: WF1676332 | L93: 45762 | M93: 45770 | N93: C | O93: =_xlfn.DAYS(M93,L93) -> 8 | P93: =_xlfn.DAYS(M93,H76) -> 2
B94: 0051002556 | C94: 000010 | D94: ROYAL CARRIBEAN ES-43478 | E94: DMA | F94: OAL | G94: STD | H94: 45779 | J94: MAKE | K94: WF1676353 | L94: 45762 | M94: 45777 | N94: C | O94: =_xlfn.DAYS(M94,L94) -> 15 | P94: =_xlfn.DAYS(M94,H94) -> -2 | Q94: Finalizado
J95: BUY | K95: WF1676356 | L95: 45762 | M95: 45777 | N95: C | O95: =_xlfn.DAYS(M95,L95) -> 15 | P95: =_xlfn.DAYS(M95,H94) -> -2
B96: 0051117529 | C96: 000020 | D96: STOWERS INSTITUTE - SUBSTATION REPLACEME | E96: RAS | F96: ISQ | G96: STD | H96: 45793 | J96: MAKE | K96: WF1680995 | L96: 45772 | M96: 45777 | N96: C | O96: =_xlfn.DAYS(M96,L96) -> 5 | P96: =_xlfn.DAYS(M96,H96) -> -16 | Q96: Finalizado
B97: 0051229942 | C97: 000120 | D97: MICRON ID1 - PROJECT OPAL -WSP - BLDG B | E97: MGL | F97: ADL | G97: STD | H97: 45800 | J97: MAKE | K97: WF1686775 | L97: 45785 | M97: 45800 | N97: C | O97: =_xlfn.DAYS(M97,L97) -> 15 | P97: =_xlfn.DAYS(M97,H97) -> 0 | Q97: Finalizado
J98: MAKE | K98: WF1689509 | L98: 45791 | M98: 45798 | N98: C | O98: =_xlfn.DAYS(M98,L98) -> 7 | P98: =_xlfn.DAYS(M98,H97) -> -2
J99: MAKE | K99: WF1688951 | L99: 45790 | M99: 45797 | N99: C | O99: =_xlfn.DAYS(M99,L99) -> 7 | P99: =_xlfn.DAYS(M99,H97) -> -3
J100: MAKE | K100: WF1686777 | L100: 45785 | M100: 45798 | N100: C | O100: =_xlfn.DAYS(M100,L100) -> 13 | P100: =_xlfn.DAYS(M100,H97) -> -2
...

Sheet Cierre de WFs
C4: JOB NAME | D4: TYPE | E4: WF | F4: START DATE | G4: DAYS ELAPSED | H4: NOTES | I4: RM
G48: =IF(ISBLANK(F48), "", NETWORKDAYS(F48, TODAY(), Holidays!$D$4:$D$19))
G49: =IF(ISBLANK(F49), "", NETWORKDAYS(F49, TODAY(), Holidays!$D$4:$D$19))
G61: =IF(ISBLANK(F61), "", NETWORKDAYS(F61, TODAY(), Holidays!$D$4:$D$19))
O256: =IF(ISBLANK(L256), "", IF(ISNUMBER(M256), NETWORKDAYS(L256, M256, 'Cierre de WFs'!J13), NETWORKDAYS(L256, TODAY(), Holidays!$D$4:$D$19)))

Sheet Holidays
D3: Holidays 2025 | E3: Holidays 2026
D4: 45658
D5: 45691
D6: 45733
D7: 45764
D8: 45765
D9: 45778
D10: 45786
D11: 45916
D12: 45961
D13: 45978
D14: 45980
D15: 45981
... D19: 46022
A23: WF INFORMATION
B28: MAKE | F28: BUY | J28: CHNG BOM
B29: Tasks | C29: Phase | D29: Total | F29: Tasks | G29: Phase | H29: Total | J29: Tasks | K29: Phase | L29: Total
B30: 7 | C30: 1 | D30: 8 | F30: 3 | G30: 1 | H30: 3 | J30: 7 | K30: 1 | L30: 7
B31: 3 | C31: 2 | D31: 10 | F31: 1 | G31: 2 | H31: 4 | J31: 1 | K31: 2 | L31: 8
B32: 4 | C32: 3 | D32: 14 | F32: 4 | G32: 3 | H32: 8 | J32: 3 | K32: 3 | L32: 11
B33: 2 | C33: 4 | D33: 16 | F33: 3 | G33: 4 | H33: 11
B34: 2 | C34: 5 | D34: 18 | F34: 3 | G34: 5 | H34: 14
B35: 2 | C35: 6 | D35: 20 | F35: 3 | G35: 6 | H35: 17
B37: TASK RESPONSIBLES
B38: Name | C38: Department
B39: JUAN CARLOS MIRANDA
B40: CARLOS CAVASOS
B41: DANIELA PAOLA GONZALEZ
B42: GRECIA JUAREZ
B43: ALEJANDRO OSUNA BALDERAS
B44: JUAN ANTONIO CABELLO
B45: ALBERTO MARTINEZ
B46: VICTOR HUGO RODRIGEZ TORRALBA
B47: ALONDRA AGUILERA
B48: REGINA LOPEZ
B49: JOSE PABLO AGUILAR
B50: ABIGAIL ESTRELLO ORTIZ
... B54: AILIA TERESA CHUCUAN

Sheet Mech Statistics
E3: AVG WORKDAYS PER WF MAKE | F3: AVG WORKDAYS PER WF BUY | G3: AVG WORKDAYS PER WF
E4: =AVERAGEIFS('Workflows tracker'!O:O, 'Workflows tracker'!J:J, "Make", 'Workflows tracker'!N:N, "C*") -> 10.711816 | F4: =AVERAGEIFS('Workflows tracker'!O:O, 'Workflows tracker'!J:J, "Buy", 'Workflows tracker'!N:N, "C*") -> 10.7 | G4: =AVERAGEIF('Workflows tracker'!N:N, "C*", 'Workflows tracker'!O:O) -> 10.681395
E10: ACTIVE WFS | F10: ACTIVE WFs > 10 WORKDAYS ELAPSED | G10: LATE ACTIVE WFs (regarding RE) | H10: TO-BE-LATE WFs (<5 workdays pre RE)
E11: =COUNTIFS('Workflows tracker'!L:L, ">0", 'Workflows tracker'!N:N, "") -> 19 | F11: =COUNTIFS('Workflows tracker'!L:L, "<>"&"", 'Workflows tracker'!N:N, "", 'Workflows tracker'!O:O, ">10") -> 13 | G11: =COUNTIFS('Workflows tracker'!L:L, "<>"&"", 'Workflows tracker'!N:N, "", 'Workflows tracker'!P:P, ">0") -> 10 | H11: =COUNTIFS('Workflows tracker'!L:L, "<>"&"", 'Workflows tracker'!N:N, "", 'Workflows tracker'!P:P, ">-5") -> 15

Sheet Filters
O1: Job name | P1: (All)
A2: Job name | B2: (All) | O2: Type | P2: (All)
A3: Type | B3: (All) | O3: Status | P3: (All)
A4: Status | B4: (All) | O4: Class | P4: (All)
A5: Class | B5: (All) | O5: Product | P5: (All)
A6: Product | B6: (All) | O6: Start Date [Month and Year] | P6: (Multiple Items)
A8: Average of Overdue Time [Expected-Completion] | B8: Average of Active Time | C8: Average of Pre RM Opening Time | D8: Count of WF | O8: Average of Overdue Time [Expected-Completion] | P8: Average of Active Time | Q8: Average of Pre RM Opening Time | R8: Count of WF
A9: 2.2429907 | B9: 9.6623832 | C9: 13.189252 | D9: 856 | O9: 1.3933333 | P9: 8.76 | Q9: 11.253333 | R9: 150
A12: Job Name | B12: (All) | O12: Job Name | P12: (All)
A13: Type | B13: (All) | O13: Type | P13: (All) | U13: Product | V13: (All)
A14: Status | B14: (All) | G14: Product | H14: (All) | O14: Status | P14: (All) | U14: Status | V14: (All)
A15: Class | B15: (All) | G15: Status | H15: (All) | O15: Class | P15: (All) | U15: Classification [Completion-Due Date] | V15: (Multiple Items)
A16: Start Date [Month and Year] | B16: (All) | G16: Classification [Completion-Due Date] | H16: (Multiple Items) | O16: Start Date [Month and Year] | P16: Mar-2026 | U16: Start Date [Month and Year] | V16: Mar-2026
A18: Classification [Completion-Due Date] | B18: Count of Classification [Completion-Due Date] | G18: Average of Overdue Time [Expected-Completion] | O18: Classification [Completion-Due Date] | P18: Count of Classification [Completion-Due Date] | U18: Average of Overdue Time [Expected-Completion]
A19: LATE | B19: 0.52219626 | G19: 5.882227 | O19: LATE | P19: 0.22413793 | U19: 5.5384615
A20: ON TIME | B20: 0.45443925 | O20: ON TIME | P20: 0.77586207 | U20: Status | V20: X
A21: SUPER LATE | B21: 0.023364486 | G21: Status | H21: X | O21: Grand Total | P21: 1 | U21: Start Date [Month and Year] | V21: Mar-2026
A22: Grand Total | B22: 1
G23: Count of WF | H23: Average of Pre RM Opening Time | I23: Average of Active Time | J23: Average of Overdue Time [Expected-Completion] | K23: Average of Impact Time Post RM | L23: Average of % Of completion | U23: Count of WF | V23: Average of Pre RM Opening Time | W23: Average of Active Time | X23: Average of Overdue Time [Expected-Completion] | Y23: Average of Impact Time Post RM | Z23: Average of % Of completion
G24: 44 | H24: 11.409091 | I24: 10.568182 | J24: 1.9545455 | K24: -1.2727273 | L24: #N/A | U24: 2 | V24: 24 | W24: 3.5 | X24: -5 | Y24: -21.5 | Z24: 0.16666667
U25: Status | V25: C
G26: Status | H26: C | U26: Start Date [Month and Year] | V26: Mar-2026
O27: Type | P27: (All)
A28: Type | B28: (All) | G28: Count of WF | H28: Average of Pre RM Opening Time | I28: Average of Active Time | J28: Average of Overdue Time [Expected-Completion] | K28: Average of Impact Time Post RM | O28: Status | P28: X | U28: Count of WF | V28: Average of Pre RM Opening Time | W28: Average of Active Time | X28: Average of Overdue Time [Expected-Completion] | Y28: Average of Impact Time Post RM
A29: Status | B29: X | G29: 764 | H29: 13.103403 | I29: 9.6034031 | J29: 2.289267 | K29: -3.2434555 | O29: Class | P29: (All) | U29: 17 | V29: 6.4117647 | W29: 4.5882353 | X29: -1.3529412 | Y29: -2.1176471
A30: Class | B30: (All) | O30: Classification [Completion-Due Date] | P30: LATE | U30: Status | V30: I
A31: Classification [Completion-Due Date] | B31: LATE | G31: Status | H31: I | O31: Start Date [Month and Year] | P31: Mar-2026 | U31: Start Date [Month and Year] | V31: Mar-2026
A33: Job Name | B33: Count of WF | C33: =COUNTA(A34:A46)-1 -> 2 | G33: Count of WF | H33: Average of Pre RM Opening Time | I33: Average of Active Time | J33: Average of Overdue Time [Expected-Completion] | K33: Average of Impact Time Post RM | O33: Job Name | P33: Count of WF | Q33: =COUNTA(O34:O36)-1 -> 0 | U33: Count of WF | V33: Average of Pre RM Opening Time | W33: Average of Active Time | X33: Average of Overdue Time [Expected-Completion] | Y33: Average of Impact Time Post RM
A34: KAISER SAN JOSE MEDICAL CENTER HOSPITAL | B34: 1 | G34: 48 | H34: 16.1875 | I34: 9.7708333 | J34: 1.7708333 | K34: -7.1041667 | O34: Grand Total | U34: 39 | V34: 15.230769 | W34: 7.9487179 | X34: -0.38461538 | Y34: -8.1025641
A35: SEA NEMA DOC1033717255 EQUIPOS ELECTRICO | B35: 1 | U35: Status | V35: (All)
A36: Grand Total | B36: 2 | G36: Status | H36: (All) | U36: Start Date [Month and Year] | V36: Mar-2026
G38: Count of WF | H38: Average of Pre RM Opening Time | I38: Average of Active Time | J38: Average of Overdue Time [Expected-Completion] | K38: Average of Impact Time Post RM | U38: Count of WF | V38: Average of Pre RM Opening Time | W38: Average of Active Time | X38: Average of Overdue Time [Expected-Completion] | Y38: Average of Impact Time Post RM
G39: 856 | H39: 13.189252 | I39: 9.6623832 | J39: 2.2429907 | K39: -3.3586449 | U39: 58 | V39: 12.948276 | W39: 6.8103448 | X39: -0.82758621 | Y39: -6.8103448
U40: Status | V40: X
G41: Status | H41: X | U41: Class | V41: Mech
G42: Class | H42: Mech | U42: Start Date [Month and Year] | V42: Mar-2026
G44: Count of WF | H44: Average of Pre RM Opening Time | I44: Average of Active Time | J44: Average of Overdue Time [Expected-Completion] | K44: Average of Impact Time Post RM | L44: Average of % Of completion | U44: Count of WF | V44: Average of Pre RM Opening Time | W44: Average of Active Time | X44: Average of Overdue Time [Expected-Completion] | Y44: Average of Impact Time Post RM | Z44: Average of % Of completion
G45: 17 | H45: 9.2941176 | I45: 11.823529 | J45: 3.7058824 | K45: 2.5882353 | L45: 0.13706267 | U45: 1 | V45: 22 | W45: 6 | X45: -3 | Y45: -17 | Z45: 0.33333333
U46: Status | V46: C
G47: Status | H47: C | U47: Class | V47: Mech
G48: Class | H48: Mech | U48: Start Date [Month and Year] | V48: Mar-2026
O49: Type | P49: (All)
A50: Type | B50: (All) | G50: Count of WF | H50: Average of Pre RM Opening Time | I50: Average of Active Time | J50: Average of Overdue Time [Expected-Completion] | K50: Average of Impact Time Post RM | O50: Status | P50: X | U50: Count of WF | V50: Average of Pre RM Opening Time | W50: Average of Active Time | X50: Average of Overdue Time [Expected-Completion] | Y50: Average of Impact Time Post RM
A51: Status | B51: X | G51: 419 | H51: 9.5178998 | I51: 8.7804296 | J51: 1.8114558 | K51: -0.58711217 | O51: Class | P51: (All) | U51: 9 | V51: 4.3333333 | W51: 2.5555556 | X51: -1.3333333 | Y51: -2.5555556
A52: Class | B52: (All) | O52: Classification [Completion-Due Date] | P52: (Multiple Items) | U52: Status | V52: I
A53: Classification [Completion-Due Date] | B53: (Multiple Items) | G53: Status | H53: I | O53: Start Date [Month and Year] | P53: Mar-2026 | U53: Class | V53: Mech
G54: Class | H54: Mech | U54: Start Date [Month and Year] | V54: Mar-2026
A55: Job Name | B55: Count of WF | C55: =COUNTA(A56:A82)-1 -> 26 | O55: Job Name | P55: Count of WF | Q55: =COUNTA(O56:O73)-1 -> 2
A56: AT&T 1420 BROADWAY STREET LUBBOCK TX | B56: 5 | G56: Count of WF | H56: Average of Pre RM Opening Time | I56: Average of Active Time | J56: Average of Overdue Time [Expected-Completion] | K56: Average of Impact Time Post RM | O56: SQD EXPANSION DE SISITEMAS DE ENERGIA | P56: 1 | U56: Count of WF | V56: Average of Pre RM Opening Time | W56: Average of Active Time | X56: Average of Overdue Time [Expected-Completion] | Y56: Average of Impact Time Post RM
A57: AT&T GREENWOOD - GEAR ORDER | B57: 2 | G57: 27 | H57: 14.259259 | I57: 10 | J57: 2.5185185 | K57: -4.7407407 | O57: EOEM-CUMMINS- HCA ST DAVID'S S AUSTIN | P57: 1 | U57: 22 | V57: 13.954545 | W57: 8.4090909 | X57: 0.81818182 | Y57: -6.2727273
A58: BUNKER HILL WTP | B58: 1 | O58: Grand Total | P58: 2 | U58: Status | V58: (All)
A59: EC1&EC2&EC3 | B59: 1 | G59: Status | H59: (All) | U59: Class | V59: Mech
A60: MDACC CSB CLINICAL SERVICES BUILDING | B60: 1 | G60: Class | H60: Mech | U60: Start Date [Month and Year] | V60: Mar-2026
A61: NORTHROP B307 3000 KVA SUBSTATIONS - PAL | B61: 2
A62: TOWER SEMICONDUCTOR - SAN ANTONIO - ALTE | B62: 1 | G62: Count of WF | H62: Average of Pre RM Opening Time | I62: Average of Active Time | J62: Average of Overdue Time [Expected-Completion] | K62: Average of Impact Time Post RM | U62: Count of WF | V62: Average of Pre RM Opening Time | W62: Average of Active Time | X62: Average of Overdue Time [Expected-Completion] | Y62: Average of Impact Time Post RM
A63: UNITEDHEALTHCARE FOR PARSONS ELECTRIC | B63: 2 | G63: 463 | H63: 9.7861771 | I63: 8.9632829 | J63: 1.9222462 | K63: -0.71274298 | U63: 32 | V63: 11.5 | W63: 6.6875 | X63: 0.09375 | Y63: -5.5625
A64: GSK MARIETTA B55 | B64: 1 | U64: Status | V64: X
A65: EOEM-CUMMINS - REIDSVILLE WTP | B65: 1 | G65: Status | H65: X | U65: Class | V65: Elec
A66: VO#XX ACTUALIZACION PZ4 TAG: 1313-SB-010 | B66: 1 | G66: Class | H66: Elec | U66: Start Date [Month and Year] | V66: Mar-2026
A67: SUNY UPSTATE MEDICAL WEISKOTTEN HALL ADD | B67: 2
A68: ADVENTHEALTH ORLANDO EOB CHILLER NO. 6 | B68: 1 | G68: Count of WF | H68: Average of Pre RM Opening Time | I68: Average of Active Time | J68: Average of Overdue Time [Expected-Completion] | K68: Average of Impact Time Post RM | L68: Average of % Of completion | U68: Count of WF | V68: Average of Pre RM Opening Time | W68: Average of Active Time | X68: Average of Overdue Time [Expected-Completion] | Y68: Average of Impact Time Post RM | Z68: Average of % Of completion
A69: AHO EOB CHILLER NO. 7 | B69: 1 | G69: 26 | H69: 13.538462 | I69: 10 | J69: 1.0769231 | K69: -4.2692308 | L69: #N/A | U69: 1 | V69: 26 | W69: 1 | X69: -7 | Y69: -26 | Z69: 0
A70: AT&T 105 AUD – 9TH FLOOR SOUTH AON CLOUD | B70: 2 | U70: Status | V70: C
A71: HF CURREN AWTP MASTER PLAN IMPROVEMENTS | B71: 2 | G71: Status | H71: C | U71: Class | V71: Elec
A72: REPLACE NETWORK SUBSTATIONS 9A,9B,9C,9D | B72: 2 | G72: Class | H72: Elec | U72: Start Date [Month and Year] | V72: Mar-2026
A73: TEMPLE UNIVERSITY LEW KLEIN COLLEGE OF M | B73: 2
A74: RAYTHEON - MARLBOROUGH - BUILDING 2 - PH | B74: 1 | G74: Count of WF | H74: Average of Pre RM Opening Time | I74: Average of Active Time | J74: Average of Overdue Time [Expected-Completion] | K74: Average of Impact Time Post RM | U74: Count of WF | V74: Average of Pre RM Opening Time | W74: Average of Active Time | X74: Average of Overdue Time [Expected-Completion] | Y74: Average of Impact Time Post RM
A75: W912EF25QA023-ARMY US | B75: 1 | G75: 345 | H75: 17.457971 | I75: 10.602899 | J75: 2.8695652 | K75: -6.4695652 | U75: 8 | V75: 8.75 | W75: 6.875 | X75: -1.375 | Y75: -1.625
A76: NSWC RAM LAB | B76: 1 | U76: Status | V76: I
A77: ABB BLACKLIST | B77: 1 | G77: Status | H77: I | U77: Class | V77: Elec
A78: OP-250808-15689594 | B78: 1 | G78: Class | H78: Elec | U78: Start Date [Month and Year] | V78: Mar-2026
A79: PROJECT OPAL LLE3 | B79: 1
A80: SQD EXPANSION DE SISITEMAS DE ENERGIA | B80: 1 | G80: Count of WF | H80: Average of Pre RM Opening Time | I80: Average of Active Time | J80: Average of Overdue Time [Expected-Completion] | K80: Average of Impact Time Post RM | U80: Count of WF | V80: Average of Pre RM Opening Time | W80: Average of Active Time | X80: Average of Overdue Time [Expected-Completion] | Y80: Average of Impact Time Post RM
A81: EOEM-CUMMINS- HCA ST DAVID'S S AUSTIN | B81: 1 | G81: 21 | H81: 18.666667 | I81: 9.4761905 | J81: 0.80952381 | K81: -10.142857 | U81: 17 | V81: 16.882353 | W81: 7.3529412 | X81: -1.9411765 | Y81: -10.470588
A82: Grand Total | B82: 38 | U82: Status | V82: (All)
G83: Status | H83: (All) | U83: Class | V83: Elec
G84: Class | H84: Elec | O84: Type | P84: (All) | U84: Start Date [Month and Year] | V84: Mar-2026
A85: Type | B85: (All) | O85: Status | P85: (Multiple Items)
A86: Status | B86: (Multiple Items) | G86: Count of WF | H86: Average of Pre RM Opening Time | I86: Average of Active Time | J86: Average of Overdue Time [Expected-Completion] | K86: Average of Impact Time Post RM | O86: Class | P86: (All) | U86: Count of WF | V86: Average of Pre RM Opening Time | W86: Average of Active Time | X86: Average of Overdue Time [Expected-Completion] | Y86: Average of Impact Time Post RM
A87: Class | B87: (All) | G87: 392 | H87: 17.262755 | I87: 10.502551 | J87: 2.6403061 | K87: -6.5204082 | O87: Classification [Completion-Due Date] | P87: (Multiple Items) | U87: 26 | V87: 14.730769 | W87: 6.9615385 | X87: -1.9615385 | Y87: -8.3461538
A88: Classification [Completion-Due Date] | B88: (Multiple Items) | O88: Start Date [Month and Year] | P88: Mar-2026 | U88: Type | V88: MAKE
G89: Type | H89: MAKE | U89: Status | V89: X
A90: Job Name | B90: Count of WF | C90: =COUNTA(A90:A194)-2 -> 103 | G90: Status | H90: X | O90: Job Name | P90: Count of WF | Q90: =COUNTA(O91:O188)-1 -> 7 | U90: Start Date [Month and Year] | V90: Mar-2026
A91: AO SMITH MCBEE SC | B91: 1 | O91: NEW PARNASSUS HEIGHTS HOSPITAL - UCSF - | P91: 1
A92: AT&T 1420 BROADWAY STREET LUBBOCK TX | B92: 19 | G92: Count of WF | H92: Average of Pre RM Opening Time | I92: Average of Active Time | J92: Average of Overdue Time [Expected-Completion] | K92: Average of Impact Time Post RM | L92: Average of % Of completion | O92: AT&T 105 AUD – 9TH FLOOR SOUTH AON CLOUD | P92: 1 | U92: Count of WF | V92: Average of Pre RM Opening Time | W92: Average of Active Time | X92: Average of Overdue Time [Expected-Completion] | Y92: Average of Impact Time Post RM | Z92: Average of % Of completion
A93: AT&T GREENWOOD - GEAR ORDER | B93: 13 | G93: 18 | H93: 18.666667 | I93: 13.166667 | J93: 5 | K93: -5.4444444 | L93: 0.024691358 | O93: PROJECT ICY HOT CORE AND SHELL | P93: 1 | U93: 2 | V93: 24 | W93: 3.5 | X93: -5 | Y93: -21.5 | Z93: 0.16666667
A94: AUS HYDRANT SYSTEM | B94: 1 | O94: CPS EMC UPGRADE - SAN ANTONIO - ALTERMAN | P94: 1 | U94: Type | V94: MAKE
A95: BEACON HEALTH ES-43461 | B95: 4 | G95: Type | H95: MAKE | O95: DUNEDIN WWTP ELECTRICAL SYSTEM UPGRADES | P95: 4 | U95: Status | V95: C
A96: BF GOODRICH - FORT WAYNE PLANT - SUBSTAT | B96: 1 | G96: Status | H96: C | O96: POLK REGIONAL WC SE WELLFIELD AND WATER | P96: 3 | U96: Start Date [Month and Year] | V96: Mar-2026
A97: BUNKER HILL WTP | B97: 17 | O97: UT RED MCCOMBS UNDERGRADUATE SCHOOL OF B | P97: 2
A98: BURLINGTON NEW DOUBLE-END SUBSTATION | B98: 2 | G98: Count of WF | H98: Average of Pre RM Opening Time | I98: Average of Active Time | J98: Average of Overdue Time [Expected-Completion] | K98: Average of Impact Time Post RM | O98: Grand Total | P98: 13 | U98: Count of WF | V98: Average of Pre RM Opening Time | W98: Average of Active Time | X98: Average of Overdue Time [Expected-Completion] | Y98: Average of Impact Time Post RM
A99: BWXT Q10 SUB | B99: 1 | G99: 540 | H99: 14.992593 | I99: 9.7185185 | J99: 2.9981481 | K99: -4.9740741 | U99: 14 | V99: 9.2142857 | W99: 4.4285714 | X99: -1.0714286 | Y99: -5.2142857
A100: CHARLOTTE WATER-MT. HOLLY PS & STOWE - | B100: 6 | U100: Type | V100: MAKE
A101: CORNING ARM FURNACE FIT-UP | B101: 5 | G101: Type | H101: MAKE | U101: Status | V101: I
A102: CUMMINS POWER GENERATION DOCK DOORS | B102: 1 | G102: Status | H102: I | U102: Start Date [Month and Year] | V102: Mar-2026
A103: CYRUSONE - CYRUSONE, INC | B103: 5
A104: DC TILLMAN | B104: 6 | G104: Count of WF | H104: Average of Pre RM Opening Time | I104: Average of Active Time | J104: Average of Overdue Time [Expected-Completion] | K104: Average of Impact Time Post RM | U104: Count of WF | V104: Average of Pre RM Opening Time | W104: Average of Active Time | X104: Average of Overdue Time [Expected-Completion] | Y104: Average of Impact Time Post RM
A105: EAST CAROLINA UNIVERSITY (ECU) BRODY SCH | B105: 1 | G105: 35 | H105: 17 | I105: 10.342857 | J105: 3.2285714 | K105: -7.3142857 | U105: 26 | V105: 15.846154 | W105: 7.8076923 | X105: 0.5 | Y105: -8.8846154
A106: EC1&EC2&EC3 | B106: 7 | U106: Type | V106: MAKE
A107: EOEM - STATES MANUFACTURING - AA - LEWIS | B107: 2 | G107: Type | H107: MAKE | U107: Status | V107: (All)
...

Sheet GSC
A1: GLOBAL STATS CALCULATIONS [PZ4/QED2/QED6]
A4: AVG Active Time | B4: AVG Overdue Time post template | C4: AVG Opening Time Pre RM | D4: %OnTime WF | E4: %Late WF | F4: %+15DAYS LATE | G4: %WF Closure by Eng Errors | H4: # Overdue Projects impacted by correct WF submittal | I4: #Projects Impacted by incorrect WF | J4: #Projects impacted by cancelation on time | K4: Top Cancellation offender | L4: Active WF
A5: =Filters!B9 -> 9.6623832 | B5: =Filters!G19 -> 5.882227 | C5: =Filters!C9 -> 13.189252 | D5: =Filters!B20 -> 0.45443925 | E5: =Filters!B19 -> 0.52219626 | F5: =Filters!B21 -> 0.023364486 | G5: =Filters!G24/Filters!D9 -> 0.051401869 | H5: =Filters!C90 -> 103 | I5: =Filters!C204 -> 28 | J5: =Filters!C55 -> 26 | K5: ACTIVE US23 | L5: =COUNTIF(WFTracker[Status],"i") -> 45
A10: AVG Active Time | B10: AVG Overdue Time post template | C10: AVG Opening Time Pre RM | D10: %OnTime WF | E10: %Late WF | F10: %+15DAYS LATE | G10: %WF Closure by Eng Errors | H10: # Overdue Projects impacted by correct WF submittal | I10: #Projects Impacted by incorrect WF | J10: #Projects impacted by cancelation on time | K10: RM Date impacted by late WFs (NOT ENG) | L10: Top Cancellation offender | M10: Active WF
A11: =Filters!P9 -> 8.76 | B11: =Filters!U19 -> 5.5384615 | C11: =Filters!Q9 -> 11.253333 | D11: =Filters!P20 -> 0.77586207 | E11: =Filters!P19 -> 0.22413793 | F11: =Filters!B27 -> 0 | G11: =Filters!U24/Filters!R9 -> 0.013333333 | H11: =Filters!Q90 -> 7 | I11: =Filters!Q200 -> 2 | J11: =Filters!Q55 -> 2 | K11: =Filters!Q268 -> 0 | L11: ACTIVE US23 | M11: =COUNTIF(WFTracker[Status],"i") -> 45

Sheet Database PZ4 + SWBD
A1: Product | B1: Order Number | C1: Item | D1: Sales Number | E1: Job Name | F1: RM | G1: RE | H1: AE | I1: MD | J1: WF | K1: Class | L1: Type | M1: Special Paint | N1: CPD | O1: Pre RM Opening Time | P1: Start date | Q1: Due date | R1: Completion Date | S1: Competion Date Content | T1: Start Date [Month and Year] | U1: Old vs New Order Lead Time WF dead line | V1: Completion Days Template | W1: Active Time | X1: Overdue Time [Expected-Completion] | Y1: Classification not considering 15+ days | Z1: Classification [Completion-Due Date] | AA1: WF SUBMITTAL [RM<5/10 DAYS] | AB1: Reason For Late WF Submital by Eng | AC1: Status | AD1: Impact Time Post RM | AE1: Impacted Post RM | AF1: Re-Worked WF Active Time | AG1: Cancelation Cause | AH1: Urgent Closure | AI1: Classification [Completion-RM] | AJ1: Task responsible | AK1: Task Number | AL1: Completion Forecast | AM1: % Of completion | AN1: Comments
A2: =IF(WFTracker[[#This Row],[Order Number]]="SWBD", "QED2", "PZ4") -> PZ4 | B2: 0050535728 | C2: 000130 | D2: =WFTracker[[#This Row],[Order Number]] & "-" & WFTracker[[#This Row],[Item]] -> 0050535728-000130 | E2: AO SMITH MCBEE SC | F2: 45702 | H2: AOB | I2: OAL | J2: WF1593968 | K2: Elec | L2: MAKE | M2: ANSI 49 | N2: 45824 | O2: =NETWORKDAYS.INTL(WFTracker[[#This Row],[Start date]],WFTracker[[#This Row],[RM]],1,Holidays!D619:D634) -> 90 | P2: 45579 | Q2: 45586 | R2: 45600 | S2: =ISBLANK(WFTracker[[#This Row],[Completion Date]]) -> FALSE | T2: =TEXT(WFTracker[[#This Row],[Start date]],"mmm-yyyy") -> Oct-2024 | U2: 5 | V2: =NETWORKDAYS.INTL(WFTracker[[#This Row],[Start date]],WFTracker[[#This Row],[Due date]],1,Holidays!D619:D634) -> 6 | W2: =IF(WFTracker[[#This Row],[Competion Date Content]]= TRUE, NETWORKDAYS.INTL( WFTracker[[#This Row],[Start date]],TODAY(),1,Holidays!$D$4:$D$19), NETWORKDAYS.INTL( WFTracker[[#This Row],[Start date]],WFTracker[[#This Row],[Completion Date]],1,Holidays!$D$4:$D$19)) -> 16 | X2: =WFTracker[[#This Row],[Active Time]]-WFTracker[[#This Row],[Completion Days Template]] -> 10 | Y2: =IF(WFTracker[[#This Row],[Overdue Time '[Expected-Completion']]]>0, "LATE","ON TIME") -> LATE | Z2: =IF(WFTracker[[#This Row],[Overdue Time '[Expected-Completion']]] >= 15, "SUPER LATE", Y2) -> LATE | AA2: =IF(WFTracker[[#This Row],[Pre RM Opening Time]]<WFTracker[[#This Row],[Old vs New Order Lead Time WF dead line]], "LATE BY ENG", "ON TIME BY ENG") -> ON TIME BY ENG | AC2: C | AD2: =IF(WFTracker[[#This Row],[Competion Date Content]]=TRUE,NETWORKDAYS.INTL(WFTracker[[#This Row],[RM]],TODAY(),1,Holidays!$D$4:$D$19), NETWORKDAYS.INTL(WFTracker[[#This Row],[RM]],WFTracker[[#This Row],[Completion Date]],1,Holidays!$D$4:$D$19)) -> -73 | AE2: =IF(WFTracker[[#This Row],[Impact Time Post RM]]>0, "IMPACTED", "NOT IMPACTED") -> NOT IMPACTED | AH2: =IF(WFTracker[[#This Row],[Status]]="C", "Closed", IF(WFTracker[[#This Row],[Status]] = "x", "Cancelled", WFTracker[[#This Row],[Impact Time Post RM]])) -> Closed | AI2: =IF(WFTracker[[#This Row],[Impact Time Post RM]]<=0,"ON TIME","LATE") -> ON TIME | AJ2: NA | AK2: 18 | AL2: =IF(WFTracker[[#This Row],[Type]]="MAKE", WFTracker[[#This Row],[Due date]]+Filters!$J$111, WFTracker[[#This Row],[Due date]]+Filters!$J$135) -> 45589.073 | AM2: {=_xlfn.IFS(WFTracker[[#This Row],[Type]]="BUY", WFTracker[[#This Row],[Task Number]]/17, WFTracker[[#This Row],[Type]]="MAKE", WFTracker[[#This Row],[Task Number]]/18, WFTracker[[#This Row],[Type]]="CNG-BOM", WFTracker[[#This Row],[Task Number]]/11)} -> 1
A3: =IF(WFTracker[[#This Row],[Order Number]]="SWBD", "QED2", "PZ4") -> PZ4 | B3: 0050754152 | C3: 000090 | D3: =WFTracker[[#This Row],[Order Number]] & "-" & WFTracker[[#This Row],[Item]] -> 0050754152-000090 | E3: TOWER SEMICONDUCTOR - SAN ANTONIO - ALTE | F3: 45705 | H3: JTV | I3: LDT | J3: WF1634065 | K3: Mech | L3: MAKE | M3: ANSI 49 | N3: 45922 | O3: =NETWORKDAYS.INTL(WFTracker[[#This Row],[Start date]],WFTracker[[#This Row],[RM]],1,Holidays!D465:D480) -> 21 | P3: 45677 | Q3: 45686 | R3: 45693 | S3: =ISBLANK(WFTracker[[#This Row],[Completion Date]]) -> FALSE | T3: =TEXT(WFTracker[[#This Row],[Start date]],"mmm-yyyy") -> Jan-2025 | U3: 5 | V3: =NETWORKDAYS.INTL(WFTracker[[#This Row],[Start date]],WFTracker[[#This Row],[Due date]],1,Holidays!D465:D480) -> 8 | W3: =IF(WFTracker[[#This Row],[Competion Date Content]]= TRUE, NETWORKDAYS.INTL( WFTracker[[#This Row],[Start date]],TODAY(),1,Holidays!$D$4:$D$19), NETWORKDAYS.INTL( WFTracker[[#This Row],[Start date]],WFTracker[[#This Row],[Completion Date]],1,Holidays!$D$4:$D$19)) -> 12 | X3: =WFTracker[[#This Row],[Active Time]]-WFTracker[[#This Row],[Completion Days Template]] -> 4 | Y3: =IF(WFTracker[[#This Row],[Overdue Time '[Expected-Completion']]]>0, "LATE","ON TIME") -> LATE | Z3: =IF(WFTracker[[#This Row],[Overdue Time '[Expected-Completion']]] >= 15, "SUPER LATE", Y3) -> LATE | AA3: =IF(WFTracker[[#This Row],[Pre RM Opening Time]]<WFTracker[[#This Row],[Old vs New Order Lead Time WF dead line]], "LATE BY ENG", "ON TIME BY ENG") -> ON TIME BY ENG | AC3: C | AD3: =IF(WFTracker[[#This Row],[Competion Date Content]]=TRUE,NETWORKDAYS.INTL(WFTracker[[#This Row],[RM]],TODAY(),1,Holidays!$D$4:$D$19), NETWORKDAYS.INTL(WFTracker[[#This Row],[RM]],WFTracker[[#This Row],[Completion Date]],1,Holidays!$D$4:$D$19)) -> -9 | AE3: =IF(WFTracker[[#This Row],[Impact Time Post RM]]>0, "IMPACTED", "NOT IMPACTED") -> NOT IMPACTED | AH3: =IF(WFTracker[[#This Row],[Status]]="C", "Closed", IF(WFTracker[[#This Row],[Status]] = "x", "Cancelled", WFTracker[[#This Row],[Impact Time Post RM]])) -> Closed | AI3: =IF(WFTracker[[#This Row],[Impact Time Post RM]]<=0,"ON TIME","LATE") -> ON TIME | AJ3: NA | AK3: 18 | AL3: =IF(WFTracker[[#This Row],[Type]]="MAKE", WFTracker[[#This Row],[Due date]]+Filters!$J$111, WFTracker[[#This Row],[Due date]]+Filters!$J$135) -> 45689.073 | AM3: {=_xlfn.IFS(WFTracker[[#This Row],[Type]]="BUY", WFTracker[[#This Row],[Task Number]]/17, WFTracker[[#This Row],[Type]]="MAKE", WFTracker[[#This Row],[Task Number]]/18, WFTracker[[#This Row],[Type]]="CNG-BOM", WFTracker[[#This Row],[Task Number]]/11)} -> 1
A4: =IF(WFTracker[[#This Row],[Order Number]]="SWBD", "QED2", "PZ4") -> PZ4 | B4: 0050754152 | C4: 000090 | D4: =WFTracker[[#This Row],[Order Number]] & "-" & WFTracker[[#This Row],[Item]] -> 0050754152-000090 | E4: TOWER SEMICONDUCTOR - SAN ANTONIO - ALTE | F4: 45705 | H4: JTV | I4: LDT | J4: WF1634066 | K4: Mech | L4: MAKE | M4: ANSI 49 | N4: 45922 | O4: =NETWORKDAYS.INTL(WFTracker[[#This Row],[Start date]],WFTracker[[#This Row],[RM]],1,Holidays!D466:D481) -> 21 | P4: 45677 | Q4: 45686 | R4: 45693 | S4: =ISBLANK(WFTracker[[#This Row],[Completion Date]]) -> FALSE | T4: =TEXT(WFTracker[[#This Row],[Start date]],"mmm-yyyy") -> Jan-2025 | U4: 5 | V4: =NETWORKDAYS.INTL(WFTracker[[#This Row],[Start date]],WFTracker[[#This Row],[Due date]],1,Holidays!D466:D481) -> 8 | W4: =IF(WFTracker[[#This Row],[Competion Date Content]]= TRUE, NETWORKDAYS.INTL( WFTracker[[#This Row],[Start date]],TODAY(),1,Holidays!$D$4:$D$19), NETWORKDAYS.INTL( WFTracker[[#This Row],[Start date]],WFTracker[[#This Row],[Completion Date]],1,Holidays!$D$4:$D$19)) -> 12 | X4: =WFTracker[[#This Row],[Active Time]]-WFTracker[[#This Row],[Completion Days Template]] -> 4 | Y4: =IF(WFTracker[[#This Row],[Overdue Time '[Expected-Completion']]]>0, "LATE","ON TIME") -> LATE | Z4: =IF(WFTracker[[#This Row],[Overdue Time '[Expected-Completion']]] >= 15, "SUPER LATE", Y4) -> LATE | AA4: =IF(WFTracker[[#This Row],[Pre RM Opening Time]]<WFTracker[[#This Row],[Old vs New Order Lead Time WF dead line]], "LATE BY ENG", "ON TIME BY ENG") -> ON TIME BY ENG | AC4: C | AD4: =IF(WFTracker[[#This Row],[Competion Date Content]]=TRUE,NETWORKDAYS.INTL(WFTracker[[#This Row],[RM]],TODAY(),1,Holidays!$D$4:$D$19), NETWORKDAYS.INTL(WFTracker[[#This Row],[RM]],WFTracker[[#This Row],[Completion Date]],1,Holidays!$D$4:$D$19)) -> -9 | AE4: =IF(WFTracker[[#This Row],[Impact Time Post RM]]>0, "IMPACTED", "NOT IMPACTED") -> NOT IMPACTED | AH4: =IF(WFTracker[[#This Row],[Status]]="C", "Closed", IF(WFTracker[[#This Row],[Status]] = "x", "Cancelled", WFTracker[[#This Row],[Impact Time Post RM]])) -> Closed | AI4: =IF(WFTracker[[#This Row],[Impact Time Post RM]]<=0,"ON TIME","LATE") -> ON TIME | AJ4: NA | AK4: 18 | AL4: =IF(WFTracker[[#This Row],[Type]]="MAKE", WFTracker[[#This Row],[Due date]]+Filters!$J$111, WFTracker[[#This Row],[Due date]]+Filters!$J$135) -> 45689.073 | AM4: {=_xlfn.IFS(WFTracker[[#This Row],[Type]]="BUY", WFTracker[[#This Row],[Task Number]]/17, WFTracker[[#This Row],[Type]]="MAKE", WFTracker[[#This Row],[Task Number]]/18, WFTracker[[#This Row],[Type]]="CNG-BOM", WFTracker[[#This Row],[Task Number]]/11)} -> 1
A5: =IF(WFTracker[[#This Row],[Order Number]]="SWBD", "QED2", "PZ4") -> PZ4 | B5: 0050754152 | C5: 000090 | D5: =WFTracker[[#This Row],[Order Number]] & "-" & WFTracker[[#This Row],[Item]] -> 0050754152-000090 | E5: TOWER SEMICONDUCTOR - SAN ANTONIO - ALTE | F5: 45705 | H5: JTV | I5: LDT | J5: WF1634071 | K5: Mech | L5: MAKE | M5: ANSI 49 | N5: 45922 | O5: =NETWORKDAYS.INTL(WFTracker[[#This Row],[Start date]],WFTracker[[#This Row],[RM]],1,Holidays!D467:D482) -> 21 | P5: 45677 | Q5: 45686 | R5: 45693 | S5: =ISBLANK(WFTracker[[#This Row],[Completion Date]]) -> FALSE | T5: =TEXT(WFTracker[[#This Row],[Start date]],"mmm-yyyy") -> Jan-2025 | U5: 5 | V5: =NETWORKDAYS.INTL(WFTracker[[#This Row],[Start date]],WFTracker[[#This Row],[Due date]],1,Holidays!D467:D482) -> 8 | W5: =IF(WFTracker[[#This Row],[Competion Date Content]]= TRUE, NETWORKDAYS.INTL( WFTracker[[#This Row],[Start date]],TODAY(),1,Holidays!$D$4:$D$19), NETWORKDAYS.INTL( WFTracker[[#This Row],[Start date]],WFTracker[[#This Row],[Completion Date]],1,Holidays!$D$4:$D$19)) -> 12 | X5: =WFTracker[[#This Row],[Active Time]]-WFTracker[[#This Row],[Completion Days Template]] -> 4 | Y5: =IF(WFTracker[[#This Row],[Overdue Time '[Expected-Completion']]]>0, "LATE","ON TIME") -> LATE | Z5: =IF(WFTracker[[#This Row],[Overdue Time '[Expected-Completion']]] >= 15, "SUPER LATE", Y5) -> LATE | AA5: =IF(WFTracker[[#This Row],[Pre RM Opening Time]]<WFTracker[[#This Row],[Old vs New Order Lead Time WF dead line]], "LATE BY ENG", "ON TIME BY ENG") -> ON TIME BY ENG | AC5: C | AD5: =IF(WFTracker[[#This Row],[Competion Date Content]]=TRUE,NETWORKDAYS.INTL(WFTracker[[#This Row],[RM]],TODAY(),1,Holidays!$D$4:$D$19), NETWORKDAYS.INTL(WFTracker[[#This Row],[RM]],WFTracker[[#This Row],[Completion Date]],1,Holidays!$D$4:$D$19)) -> -9 | AE5: =IF(WFTracker[[#This Row],[Impact Time Post RM]]>0, "IMPACTED", "NOT IMPACTED") -> NOT IMPACTED | AH5: =IF(WFTracker[[#This Row],[Status]]="C", "Closed", IF(WFTracker[[#This Row],[Status]] = "x", "Cancelled", WFTracker[[#This Row],[Impact Time Post RM]])) -> Closed | AI5: =IF(WFTracker[[#This Row],[Impact Time Post RM]]<=0,"ON TIME","LATE") -> ON TIME | AJ5: NA | AK5: 18 | AL5: =IF(WFTracker[[#This Row],[Type]]="MAKE", WFTracker[[#This Row],[Due date]]+Filters!$J$111, WFTracker[[#This Row],[Due date]]+Filters!$J$135) -> 45689.073 | AM5: {=_xlfn.IFS(WFTracker[[#This Row],[Type]]="BUY", WFTracker[[#This Row],[Task Number]]/17, WFTracker[[#This Row],[Type]]="MAKE", WFTracker[[#This Row],[Task Number]]/18, WFTracker[[#This Row],[Type]]="CNG-BOM", WFTracker[[#This Row],[Task Number]]/11)} -> 1
A6: =IF(WFTracker[[#This Row],[Order Number]]="SWBD", "QED2", "PZ4") -> PZ4 | B6: 0050529183 | C6: 000460 | D6: =WFTracker[[#This Row],[Order Number]] & "-" & WFTracker[[#This Row],[Item]] -> 0050529183-000460 | E6: USSF ANTENNA FACILITY PROJECT | F6: 45713 | H6: AOB | I6: DPM | J6: WF1634013 | K6: Elec | L6: BUY | M6: MISAWA | N6: 45915 | O6: =NETWORKDAYS.INTL(WFTracker[[#This Row],[Start date]],WFTracker[[#This Row],[RM]],1,Holidays!D518:D533) -> 27 | P6: 45677 | Q6: 45687 | R6: 45727 | S6: =ISBLANK(WFTracker[[#This Row],[Completion Date]]) -> FALSE | T6: =TEXT(WFTracker[[#This Row],[Start date]],"mmm-yyyy") -> Jan-2025 | U6: 5 | V6: =NETWORKDAYS.INTL(WFTracker[[#This Row],[Start date]],WFTracker[[#This Row],[Due date]],1,Holidays!D518:D533) -> 9 | W6: =IF(WFTracker[[#This Row],[Competion Date Content]]= TRUE, NETWORKDAYS.INTL( WFTracker[[#This Row],[Start date]],TODAY(),1,Holidays!$D$4:$D$19), NETWORKDAYS.INTL( WFTracker[[#This Row],[Start date]],WFTracker[[#This Row],[Completion Date]],1,Holidays!$D$4:$D$19)) -> 36 | X6: =WFTracker[[#This Row],[Active Time]]-WFTracker[[#This Row],[Completion Days Template]] -> 27 | Y6: =IF(WFTracker[[#This Row],[Overdue Time '[Expected-Completion']]]>0, "LATE","ON TIME") -> LATE | Z6: =IF(WFTracker[[#This Row],[Overdue Time '[Expected-Completion']]] >= 15, "SUPER LATE", Y6) -> SUPER LATE | AA6: =IF(WFTracker[[#This Row],[Pre RM Opening Time]]<WFTracker[[#This Row],[Old vs New Order Lead Time WF dead line]], "LATE BY ENG", "ON TIME BY ENG") -> ON TIME BY ENG | AC6: C | AD6: =IF(WFTracker[[#This Row],[Competion Date Content]]=TRUE,NETWORKDAYS.INTL(WFTracker[[#This Row],[RM]],TODAY(),1,Holidays!$D$4:$D$19), NETWORKDAYS.INTL(WFTracker[[#This Row],[RM]],WFTracker[[#This Row],[Completion Date]],1,Holidays!$D$4:$D$19)) -> 11 | AE6: =IF(WFTracker[[#This Row],[Impact Time Post RM]]>0, "IMPACTED", "NOT IMPACTED") -> IMPACTED | AH6: =IF(WFTracker[[#This Row],[Status]]="C", "Closed", IF(WFTracker[[#This Row],[Status]] = "x", "Cancelled", WFTracker[[#This Row],[Impact Time Post RM]])) -> Closed | AI6: =IF(WFTracker[[#This Row],[Impact Time Post RM]]<=0,"ON TIME","LATE") -> LATE | AJ6: NA | AK6: 17 | AL6: =IF(WFTracker[[#This Row],[Type]]="MAKE", WFTracker[[#This Row],[Due date]]+Filters!$J$111, WFTracker[[#This Row],[Due date]]+Filters!$J$135) -> 45687.416 | AM6: {=_xlfn.IFS(WFTracker[[#This Row],[Type]]="BUY", WFTracker[[#This Row],[Task Number]]/17, WFTracker[[#This Row],[Type]]="MAKE", WFTracker[[#This Row],[Task Number]]/18, WFTracker[[#This Row],[Type]]="CNG-BOM", WFTracker[[#This Row],[Task Number]]/11)} -> 1
A7: =IF(WFTracker[[#This Row],[Order Number]]="SWBD", "QED2", "PZ4") -> PZ4 | B7: 0050754152 | C7: 000090 | D7: =WFTracker[[#This Row],[Order Number]] & "-" & WFTracker[[#This Row],[Item]] -> 0050754152-000090 | E7: TOWER SEMICONDUCTOR - SAN ANTONIO - ALTE | F7: 45705 | H7: JTV | I7: LDT | J7: WF1634544 | K7: Mech | L7: MAKE | M7: ANSI 49 | N7: 45922 | O7: =NETWORKDAYS.INTL(WFTracker[[#This Row],[Start date]],WFTracker[[#This Row],[RM]],1,Holidays!D445:D460) -> 20 | P7: 45678 | Q7: 45685 | R7: 45693 | S7: =ISBLANK(WFTracker[[#This Row],[Completion Date]]) -> FALSE | T7: =TEXT(WFTracker[[#This Row],[Start date]],"mmm-yyyy") -> Jan-2025 | U7: 5 | V7: =NETWORKDAYS.INTL(WFTracker[[#This Row],[Start date]],WFTracker[[#This Row],[Due date]],1,Holidays!D445:D460) -> 6 | W7: =IF(WFTracker[[#This Row],[Competion Date Content]]= TRUE, NETWORKDAYS.INTL( WFTracker[[#This Row],[Start date]],TODAY(),1,Holidays!$D$4:$D$19), NETWORKDAYS.INTL( WFTracker[[#This Row],[Start date]],WFTracker[[#This Row],[Completion Date]],1,Holidays!$D$4:$D$19)) -> 11 | X7: =WFTracker[[#This Row],[Active Time]]-WFTracker[[#This Row],[Completion Days Template]] -> 5 | Y7: =IF(WFTracker[[#This Row],[Overdue Time '[Expected-Completion']]]>0, "LATE","ON TIME") -> LATE | Z7: =IF(WFTracker[[#This Row],[Overdue Time '[Expected-Completion']]] >= 15, "SUPER LATE", Y7) -> LATE | AA7: =IF(WFTracker[[#This Row],[Pre RM Opening Time]]<WFTracker[[#This Row],[Old vs New Order Lead Time WF dead line]], "LATE BY ENG", "ON TIME BY ENG") -> ON TIME BY ENG | AC7: C | AD7: =IF(WFTracker[[#This Row],[Competion Date Content]]=TRUE,NETWORKDAYS.INTL(WFTracker[[#This Row],[RM]],TODAY(),1,Holidays!$D$4:$D$19), NETWORKDAYS.INTL(WFTracker[[#This Row],[RM]],WFTracker[[#This Row],[Completion Date]],1,Holidays!$D$4:$D$19)) -> -9 | AE7: =IF(WFTracker[[#This Row],[Impact Time Post RM]]>0, "IMPACTED", "NOT IMPACTED") -> NOT IMPACTED | AH7: =IF(WFTracker[[#This Row],[Status]]="C", "Closed", IF(WFTracker[[#This Row],[Status]] = "x", "Cancelled", WFTracker[[#This Row],[Impact Time Post RM]])) -> Closed | AI7: =IF(WFTracker[[#This Row],[Impact Time Post RM]]<=0,"ON TIME","LATE") -> ON TIME | AJ7: NA | AK7: 18 | AL7: =IF(WFTracker[[#This Row],[Type]]="MAKE", WFTracker[[#This Row],[Due date]]+Filters!$J$111, WFTracker[[#This Row],[Due date]]+Filters!$J$135) -> 45688.073 | AM7: {=_xlfn.IFS(WFTracker[[#This Row],[Type]]="BUY", WFTracker[[#This Row],[Task Number]]/17, WFTracker[[#This Row],[Type]]="MAKE", WFTracker[[#This Row],[Task Number]]/18, WFTracker[[#This Row],[Type]]="CNG-BOM", WFTracker[[#This Row],[Task Number]]/11)} -> 1
A8: =IF(WFTracker[[#This Row],[Order Number]]="SWBD", "QED2", "PZ4") -> PZ4 | B8: 0050754152 | C8: 000090 | D8: =WFTracker[[#This Row],[Order Number]] & "-" & WFTracker[[#This Row],[Item]] -> 0050754152-000090 | E8: TOWER SEMICONDUCTOR - SAN ANTONIO - ALTE | F8: 45705 | H8: JTV | I8: LDT | J8: WF1634581 | K8: Mech | L8: MAKE | M8: ANSI 49 | N8: 45922 | O8: =NETWORKDAYS.INTL(WFTracker[[#This Row],[Start date]],WFTracker[[#This Row],[RM]],1,Holidays!D446:D461) -> 20 | P8: 45678 | Q8: 45685 | R8: 45688 | S8: =ISBLANK(WFTracker[[#This Row],[Completion Date]]) -> FALSE | T8: =TEXT(WFTracker[[#This Row],[Start date]],"mmm-yyyy") -> Jan-2025 | U8: 5 | V8: =NETWORKDAYS.INTL(WFTracker[[#This Row],[Start date]],WFTracker[[#This Row],[Due date]],1,Holidays!D446:D461) -> 6 | W8: =IF(WFTracker[[#This Row],[Competion Date Content]]= TRUE, NETWORKDAYS.INTL( WFTracker[[#This Row],[Start date]],TODAY(),1,Holidays!$D$4:$D$19), NETWORKDAYS.INTL( WFTracker[[#This Row],[Start date]],WFTracker[[#This Row],[Completion Date]],1,Holidays!$D$4:$D$19)) -> 9 | X8: =WFTracker[[#This Row],[Active Time]]-WFTracker[[#This Row],[Completion Days Template]] -> 3 | Y8: =IF(WFTracker[[#This Row],[Overdue Time '[Expected-Completion']]]>0, "LATE","ON TIME") -> LATE | Z8: =IF(WFTracker[[#This Row],[Overdue Time '[Expected-Completion']]] >= 15, "SUPER LATE", Y8) -> LATE | AA8: =IF(WFTracker[[#This Row],[Pre RM Opening Time]]<WFTracker[[#This Row],[Old vs New Order Lead Time WF dead line]], "LATE BY ENG", "ON TIME BY ENG") -> ON TIME BY ENG | AC8: C | AD8: =IF(WFTracker[[#This Row],[Competion Date Content]]=TRUE,NETWORKDAYS.INTL(WFTracker[[#This Row],[RM]],TODAY(),1,Holidays!$D$4:$D$19), NETWORKDAYS.INTL(WFTracker[[#This Row],[RM]],WFTracker[[#This Row],[Completion Date]],1,Holidays!$D$4:$D$19)) -> -11 | AE8: =IF(WFTracker[[#This Row],[Impact Time Post RM]]>0, "IMPACTED", "NOT IMPACTED") -> NOT IMPACTED | AH8: =IF(WFTracker[[#This Row],[Status]]="C", "Closed", IF(WFTracker[[#This Row],[Status]] = "x", "Cancelled", WFTracker[[#This Row],[Impact Time Post RM]])) -> Closed | AI8: =IF(WFTracker[[#This Row],[Impact Time Post RM]]<=0,"ON TIME","LATE") -> ON TIME | AJ8: NA | AK8: 18 | AL8: =IF(WFTracker[[#This Row],[Type]]="MAKE", WFTracker[[#This Row],[Due date]]+Filters!$J$111, WFTracker[[#This Row],[Due date]]+Filters!$J$135) -> 45688.073 | AM8: {=_xlfn.IFS(WFTracker[[#This Row],[Type]]="BUY", WFTracker[[#This Row],[Task Number]]/17, WFTracker[[#This Row],[Type]]="MAKE", WFTracker[[#This Row],[Task Number]]/18, WFTracker[[#This Row],[Type]]="CNG-BOM", WFTracker[[#This Row],[Task Number]]/11)} -> 1
A9: =IF(WFTracker[[#This Row],[Order Number]]="SWBD", "QED2", "PZ4") -> PZ4 | B9: 0050754152 | C9: 000090 | D9: =WFTracker[[#This Row],[Order Number]] & "-" & WFTracker[[#This Row],[Item]] -> 0050754152-000090 | E9: TOWER SEMICONDUCTOR - SAN ANTONIO - ALTE | F9: 45705 | H9: JTV | I9: LDT | J9: WF1634504 | K9: Mech | L9: BUY | M9: ANSI 49 | N9: 45922 | O9: =NETWORKDAYS.INTL(WFTracker[[#This Row],[Start date]],WFTracker[[#This Row],[RM]],1,Holidays!D447:D462) -> 20 | P9: 45678 | Q9: 45688 | R9: 45686 | S9: =ISBLANK(WFTracker[[#This Row],[Completion Date]]) -> FALSE | T9: =TEXT(WFTracker[[#This Row],[Start date]],"mmm-yyyy") -> Jan-2025 | U9: 5 | V9: =NETWORKDAYS.INTL(WFTracker[[#This Row],[Start date]],WFTracker[[#This Row],[Due date]],1,Holidays!D447:D462) -> 9 | W9: =IF(WFTracker[[#This Row],[Competion Date Content]]= TRUE, NETWORKDAYS.INTL( WFTracker[[#This Row],[Start date]],TODAY(),1,Holidays!$D$4:$D$19), NETWORKDAYS.INTL( WFTracker[[#This Row],[Start date]],WFTracker[[#This Row],[Completion Date]],1,Holidays!$D$4:$D$19)) -> 7 | X9: =WFTracker[[#This Row],[Active Time]]-WFTracker[[#This Row],[Completion Days Template]] -> -2 | Y9: =IF(WFTracker[[#This Row],[Overdue Time '[Expected-Completion']]]>0, "LATE","ON TIME") -> ON TIME | Z9: =IF(WFTracker[[#This Row],[Overdue Time '[Expected-Completion']]] >= 15, "SUPER LATE", Y9) -> ON TIME | AA9: =IF(WFTracker[[#This Row],[Pre RM Opening Time]]<WFTracker[[#This Row],[Old vs New Order Lead Time WF dead line]], "LATE BY ENG", "ON TIME BY ENG") -> ON TIME BY ENG | AC9: C | AD9: =IF(WFTracker[[#This Row],[Competion Date Content]]=TRUE,NETWORKDAYS.INTL(WFTracker[[#This Row],[RM]],TODAY(),1,Holidays!$D$4:$D$19), NETWORKDAYS.INTL(WFTracker[[#This Row],[RM]],WFTracker[[#This Row],[Completion Date]],1,Holidays!$D$4:$D$19)) -> -13 | AE9: =IF(WFTracker[[#This Row],[Impact Time Post RM]]>0, "IMPACTED", "NOT IMPACTED") -> NOT IMPACTED | AH9: =IF(WFTracker[[#This Row],[Status]]="C", "Closed", IF(WFTracker[[#This Row],[Status]] = "x", "Cancelled", WFTracker[[#This Row],[Impact Time Post RM]])) -> Closed | AI9: =IF(WFTracker[[#This Row],[Impact Time Post RM]]<=0,"ON TIME","LATE") -> ON TIME | AJ9: NA | AK9: 17 | AL9: =IF(WFTracker[[#This Row],[Type]]="MAKE", WFTracker[[#This Row],[Due date]]+Filters!$J$111, WFTracker[[#This Row],[Due date]]+Filters!$J$135) -> 45688.416 | AM9: {=_xlfn.IFS(WFTracker[[#This Row],[Type]]="BUY", WFTracker[[#This Row],[Task Number]]/17, WFTracker[[#This Row],[Type]]="MAKE", WFTracker[[#This Row],[Task Number]]/18, WFTracker[[#This Row],[Type]]="CNG-BOM", WFTracker[[#This Row],[Task Number]]/11)} -> 1
A10: =IF(WFTracker[[#This Row],[Order Number]]="SWBD", "QED2", "PZ4") -> PZ4 | B10: 0050754152 | C10: 000090 | D10: =WFTracker[[#This Row],[Order Number]] & "-" & WFTracker[[#This Row],[Item]] -> 0050754152-000090 | E10: TOWER SEMICONDUCTOR - SAN ANTONIO - ALTE | F10: 45705 | H10: JTV | I10: LDT | J10: WF1635286 | K10: Elec | L10: BUY | M10: ANSI 49 | N10: 45922 | O10: =NETWORKDAYS.INTL(WFTracker[[#This Row],[Start date]],WFTracker[[#This Row],[RM]],1,Holidays!D425:D440) -> 19 | P10: 45679 | Q10: 45691 | R10: 45693 | S10: =ISBLANK(WFTracker[[#This Row],[Completion Date]]) -> FALSE | T10: =TEXT(WFTracker[[#This Row],[Start date]],"mmm-yyyy") -> Jan-2025 | U10: 5 | V10: =NETWORKDAYS.INTL(WFTracker[[#This Row],[Start date]],WFTracker[[#This Row],[Due date]],1,Holidays!D425:D440) -> 9 | W10: =IF(WFTracker[[#This Row],[Competion Date Content]]= TRUE, NETWORKDAYS.INTL( WFTracker[[#This Row],[Start date]],TODAY(),1,Holidays!$D$4:$D$19), NETWORKDAYS.INTL( WFTracker[[#This Row],[Start date]],WFTracker[[#This Row],[Completion Date]],1,Holidays!$D$4:$D$19)) -> 10 | X10: =WFTracker[[#This Row],[Active Time]]-WFTracker[[#This Row],[Completion Days Template]] -> 1 | Y10: =IF(WFTracker[[#This Row],[Overdue Time '[Expected-Completion']]]>0, "LATE","ON TIME") -> LATE | Z10: =IF(WFTracker[[#This Row],[Overdue Time '[Expected-Completion']]] >= 15, "SUPER LATE", Y10) -> LATE | AA10: =IF(WFTracker[[#This Row],[Pre RM Opening Time]]<WFTracker[[#This Row],[Old vs New Order Lead Time WF dead line]], "LATE BY ENG", "ON TIME BY ENG") -> ON TIME BY ENG | AC10: C | AD10: =IF(WFTracker[[#This Row],[Competion Date Content]]=TRUE,NETWORKDAYS.INTL(WFTracker[[#This Row],[RM]],TODAY(),1,Holidays!$D$4:$D$19), NETWORKDAYS.INTL(WFTracker[[#This Row],[RM]],WFTracker[[#This Row],[Completion Date]],1,Holidays!$D$4:$D$19)) -> -9 | AE10: =IF(WFTracker[[#This Row],[Impact Time Post RM]]>0, "IMPACTED", "NOT IMPACTED") -> NOT IMPACTED | AH10: =IF(WFTracker[[#This Row],[Status]]="C", "Closed", IF(WFTracker[[#This Row],[Status]] = "x", "Cancelled", WFTracker[[#This Row],[Impact Time Post RM]])) -> Closed | AI10: =IF(WFTracker[[#This Row],[Impact Time Post RM]]<=0,"ON TIME","LATE") -> ON TIME | AJ10: NA | AK10: 17 | AL10: =IF(WFTracker[[#This Row],[Type]]="MAKE", WFTracker[[#This Row],[Due date]]+Filters!$J$111, WFTracker[[#This Row],[Due date]]+Filters!$J$135) -> 45691.416 | AM10: {=_xlfn.IFS(WFTracker[[#This Row],[Type]]="BUY", WFTracker[[#This Row],[Task Number]]/17, WFTracker[[#This Row],[Type]]="MAKE", WFTracker[[#This Row],[Task Number]]/18, WFTracker[[#This Row],[Type]]="CNG-BOM", WFTracker[[#This Row],[Task Number]]/11)} -> 1
A11: =IF(WFTracker[[#This Row],[Order Number]]="SWBD", "QED2", "PZ4") -> PZ4 | B11: 0051035283 | C11: 0000010&0000050 | D11: =WFTracker[[#This Row],[Order Number]] & "-" & WFTracker[[#This Row],[Item]] -> 0051035283-0000010&0000050 | E11: SWITCHGEAR UPGRADE | F11: 45709 | H11: LGS | I11: OAL | J11: WF1645448 | K11: Elec | L11: MAKE | M11: ANSI 49 | N11: 45835 | O11: =NETWORKDAYS.INTL(WFTracker[[#This Row],[Start date]],WFTracker[[#This Row],[RM]],1,Holidays!D152:D167) -> 8 | P11: 45700 | Q11: 45708 | R11: 45720 | S11: =ISBLANK(WFTracker[[#This Row],[Completion Date]]) -> FALSE | T11: =TEXT(WFTracker[[#This Row],[Start date]],"mmm-yyyy") -> Feb-2025 | U11: 5 | V11: =NETWORKDAYS.INTL(WFTracker[[#This Row],[Start date]],WFTracker[[#This Row],[Due date]],1,Holidays!D152:D167) -> 7 | W11: =IF(WFTracker[[#This Row],[Competion Date Content]]= TRUE, NETWORKDAYS.INTL( WFTracker[[#This Row],[Start date]],TODAY(),1,Holidays!$D$4:$D$19), NETWORKDAYS.INTL( WFTracker[[#This Row],[Start date]],WFTracker[[#This Row],[Completion Date]],1,Holidays!$D$4:$D$19)) -> 15 | X11: =WFTracker[[#This Row],[Active Time]]-WFTracker[[#This Row],[Completion Days Template]] -> 8 | Y11: =IF(WFTracker[[#This Row],[Overdue Time '[Expected-Completion']]]>0, "LATE","ON TIME") -> LATE | Z11: =IF(WFTracker[[#This Row],[Overdue Time '[Expected-Completion']]] >= 15, "SUPER LATE", Y11) -> LATE | AA11: =IF(WFTracker[[#This Row],[Pre RM Opening Time]]<WFTracker[[#This Row],[Old vs New Order Lead Time WF dead line]], "LATE BY ENG", "ON TIME BY ENG") -> ON TIME BY ENG | AC11: =IF(WFTracker[[#This Row],[Competion Date Content]] = FALSE, "C", "I") -> C | AD11: =IF(WFTracker[[#This Row],[Competion Date Content]]=TRUE,NETWORKDAYS.INTL(WFTracker[[#This Row],[RM]],TODAY(),1,Holidays!$D$4:$D$19), NETWORKDAYS.INTL(WFTracker[[#This Row],[RM]],WFTracker[[#This Row],[Completion Date]],1,Holidays!$D$4:$D$19)) -> 8 | AE11: =IF(WFTracker[[#This Row],[Impact Time Post RM]]>0, "IMPACTED", "NOT IMPACTED") -> IMPACTED | AH11: =IF(WFTracker[[#This Row],[Status]]="C", "Closed", IF(WFTracker[[#This Row],[Status]] = "x", "Cancelled", WFTracker[[#This Row],[Impact Time Post RM]])) -> Closed | AI11: =IF(WFTracker[[#This Row],[Impact Time Post RM]]<=0,"ON TIME","LATE") -> LATE | AJ11: NA | AK11: 18 | AL11: =IF(WFTracker[[#This Row],[Type]]="MAKE", WFTracker[[#This Row],[Due date]]+Filters!$J$111, WFTracker[[#This Row],[Due date]]+Filters!$J$135) -> 45711.073 | AM11: {=_xlfn.IFS(WFTracker[[#This Row],[Type]]="BUY", WFTracker[[#This Row],[Task Number]]/17, WFTracker[[#This Row],[Type]]="MAKE", WFTracker[[#This Row],[Task Number]]/18, WFTracker[[#This Row],[Type]]="CNG-BOM", WFTracker[[#This Row],[Task Number]]/11)} -> 1
A12: =IF(WFTracker[[#This Row],[Order Number]]="SWBD", "QED2", "PZ4") -> PZ4 | B12: 0051035283 | C12: 0000010&0000050 | D12: =WFTracker[[#This Row],[Order Number]] & "-" & WFTracker[[#This Row],[Item]] -> 0051035283-0000010&0000050 | E12: SWITCHGEAR UPGRADE | F12: 45709 | H12: LGS | I12: OAL | J12: WF1647369 | K12: Elec | L12: MAKE | M12: ANSI 49 | N12: 45835 | O12: =NETWORKDAYS.INTL(WFTracker[[#This Row],[Start date]],WFTracker[[#This Row],[RM]],1,Holidays!D87:D102) -> 5 | P12: 45705 | Q12: 45712 | R12: 45720 | S12: =ISBLANK(WFTracker[[#This Row],[Completion Date]]) -> FALSE | T12: =TEXT(WFTracker[[#This Row],[Start date]],"mmm-yyyy") -> Feb-2025 | U12: 5 | V12: =NETWORKDAYS.INTL(WFTracker[[#This Row],[Start date]],WFTracker[[#This Row],[Due date]],1,Holidays!D87:D102) -> 6 | W12: =IF(WFTracker[[#This Row],[Competion Date Content]]= TRUE, NETWORKDAYS.INTL( WFTracker[[#This Row],[Start date]],TODAY(),1,Holidays!$D$4:$D$19), NETWORKDAYS.INTL( WFTracker[[#This Row],[Start date]],WFTracker[[#This Row],[Completion Date]],1,Holidays!$D$4:$D$19)) -> 12 | X12: =WFTracker[[#This Row],[Active Time]]-WFTracker[[#This Row],[Completion Days Template]] -> 6 | Y12: =IF(WFTracker[[#This Row],[Overdue Time '[Expected-Completion']]]>0, "LATE","ON TIME") -> LATE | Z12: =IF(WFTracker[[#This Row],[Overdue Time '[Expected-Completion']]] >= 15, "SUPER LATE", Y12) -> LATE | AA12: =IF(WFTracker[[#This Row],[Pre RM Opening Time]]<WFTracker[[#This Row],[Old vs New Order Lead Time WF dead line]], "LATE BY ENG", "ON TIME BY ENG") -> ON TIME BY ENG | AC12: =IF(WFTracker[[#This Row],[Competion Date Content]] = FALSE, "C", "I") -> C | AD12: =IF(WFTracker[[#This Row],[Competion Date Content]]=TRUE,NETWORKDAYS.INTL(WFTracker[[#This Row],[RM]],TODAY(),1,Holidays!$D$4:$D$19), NETWORKDAYS.INTL(WFTracker[[#This Row],[RM]],WFTracker[[#This Row],[Completion Date]],1,Holidays!$D$4:$D$19)) -> 8 | AE12: =IF(WFTracker[[#This Row],[Impact Time Post RM]]>0, "IMPACTED", "NOT IMPACTED") -> IMPACTED | AH12: =IF(WFTracker[[#This Row],[Status]]="C", "Closed", IF(WFTracker[[#This Row],[Status]] = "x", "Cancelled", WFTracker[[#This Row],[Impact Time Post RM]])) -> Closed | AI12: =IF(WFTracker[[#This Row],[Impact Time Post RM]]<=0,"ON TIME","LATE") -> LATE | AJ12: NA | AK12: 18 | AL12: =IF(WFTracker[[#This Row],[Type]]="MAKE", WFTracker[[#This Row],[Due date]]+Filters!$J$111, WFTracker[[#This Row],[Due date]]+Filters!$J$135) -> 45715.073 | AM12: {=_xlfn.IFS(WFTracker[[#This Row],[Type]]="BUY", WFTracker[[#This Row],[Task Number]]/17, WFTracker[[#This Row],[Type]]="MAKE", WFTracker[[#This Row],[Task Number]]/18, WFTracker[[#This Row],[Type]]="CNG-BOM", WFTracker[[#This Row],[Task Number]]/11)} -> 1
A13: =IF(WFTracker[[#This Row],[Order Number]]="SWBD", "QED2", "PZ4") -> PZ4 | B13: 0050255139 | C13: 000780 | D13: =WFTracker[[#This Row],[Order Number]] & "-" & WFTracker[[#This Row],[Item]] -> 0050255139-000780 | E13: CHARLOTTE WATER-MT. HOLLY PS & STOWE - | F13: 45730 | H13: KYC | I13: VL | J13: WF1647350 | K13: Elec | L13: MAKE | M13: ANSI 49 | N13: 45960 | O13: =NETWORKDAYS.INTL(WFTracker[[#This Row],[Start date]],WFTracker[[#This Row],[RM]],1,Holidays!D468:D483) -> 20 | P13: 45705 | Q13: 45712 | R13: 45720 | S13: =ISBLANK(WFTracker[[#This Row],[Completion Date]]) -> FALSE | T13: =TEXT(WFTracker[[#This Row],[Start date]],"mmm-yyyy") -> Feb-2025 | U13: 5 | V13: =NETWORKDAYS.INTL(WFTracker[[#This Row],[Start date]],WFTracker[[#This Row],[Due date]],1,Holidays!D468:D483) -> 6 | W13: =IF(WFTracker[[#This Row],[Competion Date Content]]= TRUE, NETWORKDAYS.INTL( WFTracker[[#This Row],[Start date]],TODAY(),1,Holidays!$D$4:$D$19), NETWORKDAYS.INTL( WFTracker[[#This Row],[Start date]],WFTracker[[#This Row],[Completion Date]],1,Holidays!$D$4:$D$19)) -> 12 | X13: =WFTracker[[#This Row],[Active Time]]-WFTracker[[#This Row],[Completion Days Template]] -> 6 | Y13: =IF(WFTracker[[#This Row],[Overdue Time '[Expected-Completion']]]>0, "LATE","ON TIME") -> LATE | Z13: =IF(WFTracker[[#This Row],[Overdue Time '[Expected-Completion']]] >= 15, "SUPER LATE", Y13) -> LATE | AA13: =IF(WFTracker[[#This Row],[Pre RM Opening Time]]<WFTracker[[#This Row],[Old vs New Order Lead Time WF dead line]], "LATE BY ENG", "ON TIME BY ENG") -> ON TIME BY ENG | AC13: =IF(WFTracker[[#This Row],[Competion Date Content]] = FALSE, "C", "i") -> C | AD13: =IF(WFTracker[[#This Row],[Competion Date Content]]=TRUE,NETWORKDAYS.INTL(WFTracker[[#This Row],[RM]],TODAY(),1,Holidays!$D$4:$D$19), NETWORKDAYS.INTL(WFTracker[[#This Row],[RM]],WFTracker[[#This Row],[Completion Date]],1,Holidays!$D$4:$D$19)) -> -9 | AE13: =IF(WFTracker[[#This Row],[Impact Time Post RM]]>0, "IMPACTED", "NOT IMPACTED") -> NOT IMPACTED | AH13: =IF(WFTracker[[#This Row],[Status]]="C", "Closed", IF(WFTracker[[#This Row],[Status]] = "x", "Cancelled", WFTracker[[#This Row],[Impact Time Post RM]])) -> Closed | AI13: =IF(WFTracker[[#This Row],[Impact Time Post RM]]<=0,"ON TIME","LATE") -> ON TIME | AJ13: NA | AK13: 18 | AL13: =IF(WFTracker[[#This Row],[Type]]="MAKE", WFTracker[[#This Row],[Due date]]+Filters!$J$111, WFTracker[[#This Row],[Due date]]+Filters!$J$135) -> 45715.073 | AM13: {=_xlfn.IFS(WFTracker[[#This Row],[Type]]="BUY", WFTracker[[#This Row],[Task Number]]/17, WFTracker[[#This Row],[Type]]="MAKE", WFTracker[[#This Row],[Task Number]]/18, WFTracker[[#This Row],[Type]]="CNG-BOM", WFTracker[[#This Row],[Task Number]]/11)} -> 1
A14: =IF(WFTracker[[#This Row],[Order Number]]="SWBD", "QED2", "PZ4") -> PZ4 | B14: 0051035283 | C14: 0000010&0000050 | D14: =WFTracker[[#This Row],[Order Number]] & "-" & WFTracker[[#This Row],[Item]] -> 0051035283-0000010&0000050 | E14: SWITCHGEAR UPGRADE | F14: 45709 | H14: LGS | I14: OAL | J14: WF1648774 | K14: Elec | L14: MAKE | M14: ANSI 49 | N14: 45835 | O14: =NETWORKDAYS.INTL(WFTracker[[#This Row],[Start date]],WFTracker[[#This Row],[RM]],1,Holidays!D74:D89) -> 3 | P14: 45707 | Q14: 45714 | R14: 45715 | S14: =ISBLANK(WFTracker[[#This Row],[Completion Date]]) -> FALSE | T14: =TEXT(WFTracker[[#This Row],[Start date]],"mmm-yyyy") -> Feb-2025 | U14: 5 | V14: =NETWORKDAYS.INTL(WFTracker[[#This Row],[Start date]],WFTracker[[#This Row],[Due date]],1,Holidays!D74:D89) -> 6 | W14: =IF(WFTracker[[#This Row],[Competion Date Content]]= TRUE, NETWORKDAYS.INTL( WFTracker[[#This Row],[Start date]],TODAY(),1,Holidays!$D$4:$D$19), NETWORKDAYS.INTL( WFTracker[[#This Row],[Start date]],WFTracker[[#This Row],[Completion Date]],1,Holidays!$D$4:$D$19)) -> 7 | X14: =WFTracker[[#This Row],[Active Time]]-WFTracker[[#This Row],[Completion Days Template]] -> 1 | Y14: =IF(WFTracker[[#This Row],[Overdue Time '[Expected-Completion']]]>0, "LATE","ON TIME") -> LATE | Z14: =IF(WFTracker[[#This Row],[Overdue Time '[Expected-Completion']]] >= 15, "SUPER LATE", Y14) -> LATE | AA14: =IF(WFTracker[[#This Row],[Pre RM Opening Time]]<WFTracker[[#This Row],[Old vs New Order Lead Time WF dead line]], "LATE BY ENG", "ON TIME BY ENG") -> LATE BY ENG | AC14: =IF(WFTracker[[#This Row],[Competion Date Content]] = FALSE, "C", "I") -> C | AD14: =IF(WFTracker[[#This Row],[Competion Date Content]]=TRUE,NETWORKDAYS.INTL(WFTracker[[#This Row],[RM]],TODAY(),1,Holidays!$D$4:$D$19), NETWORKDAYS.INTL(WFTracker[[#This Row],[RM]],WFTracker[[#This Row],[Completion Date]],1,Holidays!$D$4:$D$19)) -> 5 | AE14: =IF(WFTracker[[#This Row],[Impact Time Post RM]]>0, "IMPACTED", "NOT IMPACTED") -> IMPACTED | AH14: =IF(WFTracker[[#This Row],[Status]]="C", "Closed", IF(WFTracker[[#This Row],[Status]] = "x", "Cancelled", WFTracker[[#This Row],[Impact Time Post RM]])) -> Closed | AI14: =IF(WFTracker[[#This Row],[Impact Time Post RM]]<=0,"ON TIME","LATE") -> LATE | AJ14: NA | AK14: 18 | AL14: =IF(WFTracker[[#This Row],[Type]]="MAKE", WFTracker[[#This Row],[Due date]]+Filters!$J$111, WFTracker[[#This Row],[Due date]]+Filters!$J$135) -> 45717.073 | AM14: {=_xlfn.IFS(WFTracker[[#This Row],[Type]]="BUY", WFTracker[[#This Row],[Task Number]]/17, WFTracker[[#This Row],[Type]]="MAKE", WFTracker[[#This Row],[Task Number]]/18, WFTracker[[#This Row],[Type]]="CNG-BOM", WFTracker[[#This Row],[Task Number]]/11)} -> 1
A15: =IF(WFTracker[[#This Row],[Order Number]]="SWBD", "QED2", "PZ4") -> PZ4 | B15: 0050206201 | C15: 000160 | D15: =WFTracker[[#This Row],[Order Number]] & "-" & WFTracker[[#This Row],[Item]] -> 0050206201-000160 | E15: AT&T GREENWOOD - GEAR ORDER | F15: 45769 | H15: JAM | I15: ADL | J15: WF1648985 | K15: Elec | L15: MAKE | M15: ANSI 49 | N15: 45868 | O15: =NETWORKDAYS.INTL(WFTracker[[#This Row],[Start date]],WFTracker[[#This Row],[RM]],1,Holidays!D614:D629) -> 45 | P15: 45707 | Q15: 45715 | R15: 45715 | S15: =ISBLANK(WFTracker[[#This Row],[Completion Date]]) -> FALSE | T15: =TEXT(WFTracker[[#This Row],[Start date]],"mmm-yyyy") -> Feb-2025 | U15: 5 | V15: =NETWORKDAYS.INTL(WFTracker[[#This Row],[Start date]],WFTracker[[#This Row],[Due date]],1,Holidays!D614:D629) -> 7 | W15: =IF(WFTracker[[#This Row],[Competion Date Content]]= TRUE, NETWORKDAYS.INTL( WFTracker[[#This Row],[Start date]],TODAY(),1,Holidays!$D$4:$D$19), NETWORKDAYS.INTL( WFTracker[[#This Row],[Start date]],WFTracker[[#This Row],[Completion Date]],1,Holidays!$D$4:$D$19)) -> 7 | X15: =WFTracker[[#This Row],[Active Time]]-WFTracker[[#This Row],[Completion Days Template]] -> 0 | Y15: =IF(WFTracker[[#This Row],[Overdue Time '[Expected-Completion']]]>0, "LATE","ON TIME") -> ON TIME | Z15: =IF(WFTracker[[#This Row],[Overdue Time '[Expected-Completion']]] >= 15, "SUPER LATE", Y15) -> ON TIME | AA15: =IF(WFTracker[[#This Row],[Pre RM Opening Time]]<WFTracker[[#This Row],[Old vs New Order Lead Time WF dead line]], "LATE BY ENG", "ON TIME BY ENG") -> ON TIME BY ENG | AC15: C | AD15: =IF(WFTracker[[#This Row],[Competion Date Content]]=TRUE,NETWORKDAYS.INTL(WFTracker[[#This Row],[RM]],TODAY(),1,Holidays!$D$4:$D$19), NETWORKDAYS.INTL(WFTracker[[#This Row],[RM]],WFTracker[[#This Row],[Completion Date]],1,Holidays!$D$4:$D$19)) -> -36 | AE15: =IF(WFTracker[[#This Row],[Impact Time Post RM]]>0, "IMPACTED", "NOT IMPACTED") -> NOT IMPACTED | AH15: =IF(WFTracker[[#This Row],[Status]]="C", "Closed", IF(WFTracker[[#This Row],[Status]] = "x", "Cancelled", WFTracker[[#This Row],[Impact Time Post RM]])) -> Closed | AI15: =IF(WFTracker[[#This Row],[Impact Time Post RM]]<=0,"ON TIME","LATE") -> ON TIME | AJ15: NA | AK15: 18 | AL15: =IF(WFTracker[[#This Row],[Type]]="MAKE", WFTracker[[#This Row],[Due date]]+Filters!$J$111, WFTracker[[#This Row],[Due date]]+Filters!$J$135) -> 45718.073 | AM15: {=_xlfn.IFS(WFTracker[[#This Row],[Type]]="BUY", WFTracker[[#This Row],[Task Number]]/17, WFTracker[[#This Row],[Type]]="MAKE", WFTracker[[#This Row],[Task Number]]/18, WFTracker[[#This Row],[Type]]="CNG-BOM", WFTracker[[#This Row],[Task Number]]/11)} -> 1
A16: =IF(WFTracker[[#This Row],[Order Number]]="SWBD", "QED2", "PZ4") -> PZ4 | B16: 0050255139 | C16: 000780 | D16: =WFTracker[[#This Row],[Order Number]] & "-" & WFTracker[[#This Row],[Item]] -> 0050255139-000780 | E16: CHARLOTTE WATER-MT. HOLLY PS & STOWE - | F16: 45730 | H16: KYC | I16: VL | J16: WF1650970 | K16: Mech | L16: MAKE | M16: ANSI 49 | N16: 45960 | O16: =NETWORKDAYS.INTL(WFTracker[[#This Row],[Start date]],WFTracker[[#This Row],[RM]],1,Holidays!D356:D371) -> 15 | P16: 45712 | Q16: 45719 | R16: 45727 | S16: =ISBLANK(WFTracker[[#This Row],[Completion Date]]) -> FALSE | T16: =TEXT(WFTracker[[#This Row],[Start date]],"mmm-yyyy") -> Feb-2025 | U16: 5 | V16: =NETWORKDAYS.INTL(WFTracker[[#This Row],[Start date]],WFTracker[[#This Row],[Due date]],1,Holidays!D356:D371) -> 6 | W16: =IF(WFTracker[[#This Row],[Competion Date Content]]= TRUE, NETWORKDAYS.INTL( WFTracker[[#This Row],[Start date]],TODAY(),1,Holidays!$D$4:$D$19), NETWORKDAYS.INTL( WFTracker[[#This Row],[Start date]],WFTracker[[#This Row],[Completion Date]],1,Holidays!$D$4:$D$19)) -> 12 | X16: =WFTracker[[#This Row],[Active Time]]-WFTracker[[#This Row],[Completion Days Template]] -> 6 | Y16: =IF(WFTracker[[#This Row],[Overdue Time '[Expected-Completion']]]>0, "LATE","ON TIME") -> LATE | Z16: =IF(WFTracker[[#This Row],[Overdue Time '[Expected-Completion']]] >= 15, "SUPER LATE", Y16) -> LATE | AA16: =IF(WFTracker[[#This Row],[Pre RM Opening Time]]<WFTracker[[#This Row],[Old vs New Order Lead Time WF dead line]], "LATE BY ENG", "ON TIME BY ENG") -> ON TIME BY ENG | AC16: =IF(WFTracker[[#This Row],[Competion Date Content]] = FALSE, "C", "i") -> C | AD16: =IF(WFTracker[[#This Row],[Competion Date Content]]=TRUE,NETWORKDAYS.INTL(WFTracker[[#This Row],[RM]],TODAY(),1,Holidays!$D$4:$D$19), NETWORKDAYS.INTL(WFTracker[[#This Row],[RM]],WFTracker[[#This Row],[Completion Date]],1,Holidays!$D$4:$D$19)) -> -4 | AE16: =IF(WFTracker[[#This Row],[Impact Time Post RM]]>0, "IMPACTED", "NOT IMPACTED") -> NOT IMPACTED | AH16: =IF(WFTracker[[#This Row],[Status]]="C", "Closed", IF(WFTracker[[#This Row],[Status]] = "x", "Cancelled", WFTracker[[#This Row],[Impact Time Post RM]])) -> Closed | AI16: =IF(WFTracker[[#This Row],[Impact Time Post RM]]<=0,"ON TIME","LATE") -> ON TIME | AJ16: NA | AK16: 18 | AL16: =IF(WFTracker[[#This Row],[Type]]="MAKE", WFTracker[[#This Row],[Due date]]+Filters!$J$111, WFTracker[[#This Row],[Due date]]+Filters!$J$135) -> 45722.073 | AM16: {=_xlfn.IFS(WFTracker[[#This Row],[Type]]="BUY", WFTracker[[#This Row],[Task Number]]/17, WFTracker[[#This Row],[Type]]="MAKE", WFTracker[[#This Row],[Task Number]]/18, WFTracker[[#This Row],[Type]]="CNG-BOM", WFTracker[[#This Row],[Task Number]]/11)} -> 1
A17: =IF(WFTracker[[#This Row],[Order Number]]="SWBD", "QED2", "PZ4") -> PZ4 | B17: 0050206201 | C17: 000180 | D17: =WFTracker[[#This Row],[Order Number]] & "-" & WFTracker[[#This Row],[Item]] -> 0050206201-000180 | E17: AT&T GREENWOOD - GEAR ORDER | F17: 45762 | H17: MGL | I17: KGF | J17: WF1650858 | K17: Elec | L17: MAKE | M17: ANSI 49 | N17: 45888 | O17: =NETWORKDAYS.INTL(WFTracker[[#This Row],[Start date]],WFTracker[[#This Row],[RM]],1,Holidays!D596:D611) -> 37 | P17: 45712 | Q17: 45719 | R17: 45715 | S17: =ISBLANK(WFTracker[[#This Row],[Completion Date]]) -> FALSE | T17: =TEXT(WFTracker[[#This Row],[Start date]],"mmm-yyyy") -> Feb-2025 | U17: 5 | V17: =NETWORKDAYS.INTL(WFTracker[[#This Row],[Start date]],WFTracker[[#This Row],[Due date]],1,Holidays!D596:D611) -> 6 | W17: =IF(WFTracker[[#This Row],[Competion Date Content]]= TRUE, NETWORKDAYS.INTL( WFTracker[[#This Row],[Start date]],TODAY(),1,Holidays!$D$4:$D$19), NETWORKDAYS.INTL( WFTracker[[#This Row],[Start date]],WFTracker[[#This Row],[Completion Date]],1,Holidays!$D$4:$D$19)) -> 4 | X17: =WFTracker[[#This Row],[Active Time]]-WFTracker[[#This Row],[Completion Days Template]] -> -2 | Y17: =IF(WFTracker[[#This Row],[Overdue Time '[Expected-Completion']]]>0, "LATE","ON TIME") -> ON TIME | Z17: =IF(WFTracker[[#This Row],[Overdue Time '[Expected-Completion']]] >= 15, "SUPER LATE", Y17) -> ON TIME | AA17: =IF(WFTracker[[#This Row],[Pre RM Opening Time]]<WFTracker[[#This Row],[Old vs New Order Lead Time WF dead line]], "LATE BY ENG", "ON TIME BY ENG") -> ON TIME BY ENG | AC17: =IF(WFTracker[[#This Row],[Competion Date Content]] = FALSE, "C", "I") -> C | AD17: =IF(WFTracker[[#This Row],[Competion Date Content]]=TRUE,NETWORKDAYS.INTL(WFTracker[[#This Row],[RM]],TODAY(),1,Holidays!$D$4:$D$19), NETWORKDAYS.INTL(WFTracker[[#This Row],[RM]],WFTracker[[#This Row],[Completion Date]],1,Holidays!$D$4:$D$19)) -> -33 | AE17: =IF(WFTracker[[#This Row],[Impact Time Post RM]]>0, "IMPACTED", "NOT IMPACTED") -> NOT IMPACTED | AH17: =IF(WFTracker[[#This Row],[Status]]="C", "Closed", IF(WFTracker[[#This Row],[Status]] = "x", "Cancelled", WFTracker[[#This Row],[Impact Time Post RM]])) -> Closed | AI17: =IF(WFTracker[[#This Row],[Impact Time Post RM]]<=0,"ON TIME","LATE") -> ON TIME | AJ17: NA | AK17: 18 | AL17: =IF(WFTracker[[#This Row],[Type]]="MAKE", WFTracker[[#This Row],[Due date]]+Filters!$J$111, WFTracker[[#This Row],[Due date]]+Filters!$J$135) -> 45722.073 | AM17: {=_xlfn.IFS(WFTracker[[#This Row],[Type]]="BUY", WFTracker[[#This Row],[Task Number]]/17, WFTracker[[#This Row],[Type]]="MAKE", WFTracker[[#This Row],[Task Number]]/18, WFTracker[[#This Row],[Type]]="CNG-BOM", WFTracker[[#This Row],[Task Number]]/11)} -> 1
A18: =IF(WFTracker[[#This Row],[Order Number]]="SWBD", "QED2", "PZ4") -> PZ4 | B18: 0050206201 | C18: 000180 | D18: =WFTracker[[#This Row],[Order Number]] & "-" & WFTracker[[#This Row],[Item]] -> 0050206201-000180 | E18: AT&T GREENWOOD - GEAR ORDER | F18: 45762 | H18: MGL | I18: KGF | J18: WF1650861 | K18: Elec | L18: MAKE | M18: ANSI 49 | N18: 45888 | O18: =NETWORKDAYS.INTL(WFTracker[[#This Row],[Start date]],WFTracker[[#This Row],[RM]],1,Holidays!D597:D612) -> 37 | P18: 45712 | Q18: 45719 | R18: 45727 | S18: =ISBLANK(WFTracker[[#This Row],[Completion Date]]) -> FALSE | T18: =TEXT(WFTracker[[#This Row],[Start date]],"mmm-yyyy") -> Feb-2025 | U18: 5 | V18: =NETWORKDAYS.INTL(WFTracker[[#This Row],[Start date]],WFTracker[[#This Row],[Due date]],1,Holidays!D597:D612) -> 6 | W18: =IF(WFTracker[[#This Row],[Competion Date Content]]= TRUE, NETWORKDAYS.INTL( WFTracker[[#This Row],[Start date]],TODAY(),1,Holidays!$D$4:$D$19), NETWORKDAYS.INTL( WFTracker[[#This Row],[Start date]],WFTracker[[#This Row],[Completion Date]],1,Holidays!$D$4:$D$19)) -> 12 | X18: =WFTracker[[#This Row],[Active Time]]-WFTracker[[#This Row],[Completion Days Template]] -> 6 | Y18: =IF(WFTracker[[#This Row],[Overdue Time '[Expected-Completion']]]>0, "LATE","ON TIME") -> LATE | Z18: =IF(WFTracker[[#This Row],[Overdue Time '[Expected-Completion']]] >= 15, "SUPER LATE", Y18) -> LATE | AA18: =IF(WFTracker[[#This Row],[Pre RM Opening Time]]<WFTracker[[#This Row],[Old vs New Order Lead Time WF dead line]], "LATE BY ENG", "ON TIME BY ENG") -> ON TIME BY ENG | AC18: =IF(WFTracker[[#This Row],[Competion Date Content]] = FALSE, "C", "I") -> C | AD18: =IF(WFTracker[[#This Row],[Competion Date Content]]=TRUE,NETWORKDAYS.INTL(WFTracker[[#This Row],[RM]],TODAY(),1,Holidays!$D$4:$D$19), NETWORKDAYS.INTL(WFTracker[[#This Row],[RM]],WFTracker[[#This Row],[Completion Date]],1,Holidays!$D$4:$D$19)) -> -25 | AE18: =IF(WFTracker[[#This Row],[Impact Time Post RM]]>0, "IMPACTED", "NOT IMPACTED") -> NOT IMPACTED | AH18: =IF(WFTracker[[#This Row],[Status]]="C", "Closed", IF(WFTracker[[#This Row],[Status]] = "x", "Cancelled", WFTracker[[#This Row],[Impact Time Post RM]])) -> Closed | AI18: =IF(WFTracker[[#This Row],[Impact Time Post RM]]<=0,"ON TIME","LATE") -> ON TIME | AJ18: NA | AK18: 18 | AL18: =IF(WFTracker[[#This Row],[Type]]="MAKE", WFTracker[[#This Row],[Due date]]+Filters!$J$111, WFTracker[[#This Row],[Due date]]+Filters!$J$135) -> 45722.073 | AM18: {=_xlfn.IFS(WFTracker[[#This Row],[Type]]="BUY", WFTracker[[#This Row],[Task Number]]/17, WFTracker[[#This Row],[Type]]="MAKE", WFTracker[[#This Row],[Task Number]]/18, WFTracker[[#This Row],[Type]]="CNG-BOM", WFTracker[[#This Row],[Task Number]]/11)} -> 1
A19: =IF(WFTracker[[#This Row],[Order Number]]="SWBD", "QED2", "PZ4") -> PZ4 | B19: 0050206201 | C19: 000180 | D19: =WFTracker[[#This Row],[Order Number]] & "-" & WFTracker[[#This Row],[Item]] -> 0050206201-000180 | E19: AT&T GREENWOOD - GEAR ORDER | F19: 45762 | H19: MGL | I19: KGF | J19: WF1650863 | K19: Elec | L19: MAKE | M19: ANSI 49 | N19: 45888 | O19: =NETWORKDAYS.INTL(WFTracker[[#This Row],[Start date]],WFTracker[[#This Row],[RM]],1,Holidays!D598:D613) -> 37 | P19: 45712 | Q19: 45719 | R19: 45727 | S19: =ISBLANK(WFTracker[[#This Row],[Completion Date]]) -> FALSE | T19: =TEXT(WFTracker[[#This Row],[Start date]],"mmm-yyyy") -> Feb-2025 | U19: 5 | V19: =NETWORKDAYS.INTL(WFTracker[[#This Row],[Start date]],WFTracker[[#This Row],[Due date]],1,Holidays!D598:D613) -> 6 | W19: =IF(WFTracker[[#This Row],[Competion Date Content]]= TRUE, NETWORKDAYS.INTL( WFTracker[[#This Row],[Start date]],TODAY(),1,Holidays!$D$4:$D$19), NETWORKDAYS.INTL( WFTracker[[#This Row],[Start date]],WFTracker[[#This Row],[Completion Date]],1,Holidays!$D$4:$D$19)) -> 12 | X19: =WFTracker[[#This Row],[Active Time]]-WFTracker[[#This Row],[Completion Days Template]] -> 6 | Y19: =IF(WFTracker[[#This Row],[Overdue Time '[Expected-Completion']]]>0, "LATE","ON TIME") -> LATE | Z19: =IF(WFTracker[[#This Row],[Overdue Time '[Expected-Completion']]] >= 15, "SUPER LATE", Y19) -> LATE | AA19: =IF(WFTracker[[#This Row],[Pre RM Opening Time]]<WFTracker[[#This Row],[Old vs New Order Lead Time WF dead line]], "LATE BY ENG", "ON TIME BY ENG") -> ON TIME BY ENG | AC19: C | AD19: =IF(WFTracker[[#This Row],[Competion Date Content]]=TRUE,NETWORKDAYS.INTL(WFTracker[[#This Row],[RM]],TODAY(),1,Holidays!$D$4:$D$19), NETWORKDAYS.INTL(WFTracker[[#This Row],[RM]],WFTracker[[#This Row],[Completion Date]],1,Holidays!$D$4:$D$19)) -> -25 | AE19: =IF(WFTracker[[#This Row],[Impact Time Post RM]]>0, "IMPACTED", "NOT IMPACTED") -> NOT IMPACTED | AH19: =IF(WFTracker[[#This Row],[Status]]="C", "Closed", IF(WFTracker[[#This Row],[Status]] = "x", "Cancelled", WFTracker[[#This Row],[Impact Time Post RM]])) -> Closed | AI19: =IF(WFTracker[[#This Row],[Impact Time Post RM]]<=0,"ON TIME","LATE") -> ON TIME | AJ19: NA | AK19: 18 | AL19: =IF(WFTracker[[#This Row],[Type]]="MAKE", WFTracker[[#This Row],[Due date]]+Filters!$J$111, WFTracker[[#This Row],[Due date]]+Filters!$J$135) -> 45722.073 | AM19: {=_xlfn.IFS(WFTracker[[#This Row],[Type]]="BUY", WFTracker[[#This Row],[Task Number]]/17, WFTracker[[#This Row],[Type]]="MAKE", WFTracker[[#This Row],[Task Number]]/18, WFTracker[[#This Row],[Type]]="CNG-BOM", WFTracker[[#This Row],[Task Number]]/11)} -> 1
A20: =IF(WFTracker[[#This Row],[Order Number]]="SWBD", "QED2", "PZ4") -> PZ4 | B20: 0050206201 | C20: 000180 | D20: =WFTracker[[#This Row],[Order Number]] & "-" & WFTracker[[#This Row],[Item]] -> 0050206201-000180 | E20: AT&T GREENWOOD - GEAR ORDER | F20: 45762 | H20: MGL | I20: KGF | J20: WF1651072 | K20: Elec | L20: MAKE | M20: ANSI 49 | N20: 45888 | O20: =NETWORKDAYS.INTL(WFTracker[[#This Row],[Start date]],WFTracker[[#This Row],[RM]],1,Holidays!D599:D614) -> 37 | P20: 45712 | Q20: 45720 | R20: 45720 | S20: =ISBLANK(WFTracker[[#This Row],[Completion Date]]) -> FALSE | T20: =TEXT(WFTracker[[#This Row],[Start date]],"mmm-yyyy") -> Feb-2025 | U20: 5 | V20: =NETWORKDAYS.INTL(WFTracker[[#This Row],[Start date]],WFTracker[[#This Row],[Due date]],1,Holidays!D599:D614) -> 7 | W20: =IF(WFTracker[[#This Row],[Competion Date Content]]= TRUE, NETWORKDAYS.INTL( WFTracker[[#This Row],[Start date]],TODAY(),1,Holidays!$D$4:$D$19), NETWORKDAYS.INTL( WFTracker[[#This Row],[Start date]],WFTracker[[#This Row],[Completion Date]],1,Holidays!$D$4:$D$19)) -> 7 | X20: =WFTracker[[#This Row],[Active Time]]-WFTracker[[#This Row],[Completion Days Template]] -> 0 | Y20: =IF(WFTracker[[#This Row],[Overdue Time '[Expected-Completion']]]>0, "LATE","ON TIME") -> ON TIME | Z20: =IF(WFTracker[[#This Row],[Overdue Time '[Expected-Completion']]] >= 15, "SUPER LATE", Y20) -> ON TIME | AA20: =IF(WFTracker[[#This Row],[Pre RM Opening Time]]<WFTracker[[#This Row],[Old vs New Order Lead Time WF dead line]], "LATE BY ENG", "ON TIME BY ENG") -> ON TIME BY ENG | AC20: C | AD20: =IF(WFTracker[[#This Row],[Competion Date Content]]=TRUE,NETWORKDAYS.INTL(WFTracker[[#This Row],[RM]],TODAY(),1,Holidays!$D$4:$D$19), NETWORKDAYS.INTL(WFTracker[[#This Row],[RM]],WFTracker[[#This Row],[Completion Date]],1,Holidays!$D$4:$D$19)) -> -30 | AE20: =IF(WFTracker[[#This Row],[Impact Time Post RM]]>0, "IMPACTED", "NOT IMPACTED") -> NOT IMPACTED | AH20: =IF(WFTracker[[#This Row],[Status]]="C", "Closed", IF(WFTracker[[#This Row],[Status]] = "x", "Cancelled", WFTracker[[#This Row],[Impact Time Post RM]])) -> Closed | AI20: =IF(WFTracker[[#This Row],[Impact Time Post RM]]<=0,"ON TIME","LATE") -> ON TIME | AJ20: NA | AK20: 18 | AL20: =IF(WFTracker[[#This Row],[Type]]="MAKE", WFTracker[[#This Row],[Due date]]+Filters!$J$111, WFTracker[[#This Row],[Due date]]+Filters!$J$135) -> 45723.073 | AM20: {=_xlfn.IFS(WFTracker[[#This Row],[Type]]="BUY", WFTracker[[#This Row],[Task Number]]/17, WFTracker[[#This Row],[Type]]="MAKE", WFTracker[[#This Row],[Task Number]]/18, WFTracker[[#This Row],[Type]]="CNG-BOM", WFTracker[[#This Row],[Task Number]]/11)} -> 1
A21: =IF(WFTracker[[#This Row],[Order Number]]="SWBD", "QED2", "PZ4") -> PZ4 | B21: 0050206201 | C21: 000180 | D21: =WFTracker[[#This Row],[Order Number]] & "-" & WFTracker[[#This Row],[Item]] -> 0050206201-000180 | E21: AT&T GREENWOOD - GEAR ORDER | F21: 45762 | H21: MGL | I21: KGF | J21: WF1650856 | K21: Elec | L21: MAKE | M21: ANSI 49 | N21: 45888 | O21: =NETWORKDAYS.INTL(WFTracker[[#This Row],[Start date]],WFTracker[[#This Row],[RM]],1,Holidays!D600:D615) -> 37 | P21: 45712 | Q21: 45722 | R21: 45712 | S21: =ISBLANK(WFTracker[[#This Row],[Completion Date]]) -> FALSE | T21: =TEXT(WFTracker[[#This Row],[Start date]],"mmm-yyyy") -> Feb-2025 | U21: 5 | V21: =NETWORKDAYS.INTL(WFTracker[[#This Row],[Start date]],WFTracker[[#This Row],[Due date]],1,Holidays!D600:D615) -> 9 | W21: =IF(WFTracker[[#This Row],[Competion Date Content]]= TRUE, NETWORKDAYS.INTL( WFTracker[[#This Row],[Start date]],TODAY(),1,Holidays!$D$4:$D$19), NETWORKDAYS.INTL( WFTracker[[#This Row],[Start date]],WFTracker[[#This Row],[Completion Date]],1,Holidays!$D$4:$D$19)) -> 1 | X21: =WFTracker[[#This Row],[Active Time]]-WFTracker[[#This Row],[Completion Days Template]] -> -8 | Y21: =IF(WFTracker[[#This Row],[Overdue Time '[Expected-Completion']]]>0, "LATE","ON TIME") -> ON TIME | Z21: =IF(WFTracker[[#This Row],[Overdue Time '[Expected-Completion']]] >= 15, "SUPER LATE", Y21) -> ON TIME | AA21: =IF(WFTracker[[#This Row],[Pre RM Opening Time]]<WFTracker[[#This Row],[Old vs New Order Lead Time WF dead line]], "LATE BY ENG", "ON TIME BY ENG") -> ON TIME BY ENG | AC21: X | AD21: =IF(WFTracker[[#This Row],[Competion Date Content]]=TRUE,NETWORKDAYS.INTL(WFTracker[[#This Row],[RM]],TODAY(),1,Holidays!$D$4:$D$19), NETWORKDAYS.INTL(WFTracker[[#This Row],[RM]],WFTracker[[#This Row],[Completion Date]],1,Holidays!$D$4:$D$19)) -> -36 | AE21: =IF(WFTracker[[#This Row],[Impact Time Post RM]]>0, "IMPACTED", "NOT IMPACTED") -> NOT IMPACTED | AH21: =IF(WFTracker[[#This Row],[Status]]="C", "Closed", IF(WFTracker[[#This Row],[Status]] = "x", "Cancelled", WFTracker[[#This Row],[Impact Time Post RM]])) -> Cancelled | AI21: =IF(WFTracker[[#This Row],[Impact Time Post RM]]<=0,"ON TIME","LATE") -> ON TIME | AJ21: NA | AK21: 0 | AL21: =IF(WFTracker[[#This Row],[Type]]="MAKE", WFTracker[[#This Row],[Due date]]+Filters!$J$111, WFTracker[[#This Row],[Due date]]+Filters!$J$135) -> 45725.073 | AM21: {=_xlfn.IFS(WFTracker[[#This Row],[Type]]="BUY", WFTracker[[#This Row],[Task Number]]/17, WFTracker[[#This Row],[Type]]="MAKE", WFTracker[[#This Row],[Task Number]]/18, WFTracker[[#This Row],[Type]]="CNG-BOM", WFTracker[[#This Row],[Task Number]]/11)} -> 0
A22: =IF(WFTracker[[#This Row],[Order Number]]="SWBD", "QED2", "PZ4") -> PZ4 | B22: 0050206201 | C22: 000180 | D22: =WFTracker[[#This Row],[Order Number]] & "-" & WFTracker[[#This Row],[Item]] -> 0050206201-000180 | E22: AT&T GREENWOOD - GEAR ORDER | F22: 45762 | H22: MGL | I22: KGF | J22: WF1651638 | K22: Elec | L22: BUY | M22: ANSI 49 | N22: 45888 | O22: =NETWORKDAYS.INTL(WFTracker[[#This Row],[Start date]],WFTracker[[#This Row],[RM]],1,Holidays!D593:D608) -> 36 | P22: 45713 | Q22: 45723 | R22: 45722 | S22: =ISBLANK(WFTracker[[#This Row],[Completion Date]]) -> FALSE | T22: =TEXT(WFTracker[[#This Row],[Start date]],"mmm-yyyy") -> Feb-2025 | U22: 5 | V22: =NETWORKDAYS.INTL(WFTracker[[#This Row],[Start date]],WFTracker[[#This Row],[Due date]],1,Holidays!D593:D608) -> 9 | W22: =IF(WFTracker[[#This Row],[Competion Date Content]]= TRUE, NETWORKDAYS.INTL( WFTracker[[#This Row],[Start date]],TODAY(),1,Holidays!$D$4:$D$19), NETWORKDAYS.INTL( WFTracker[[#This Row],[Start date]],WFTracker[[#This Row],[Completion Date]],1,Holidays!$D$4:$D$19)) -> 8 | X22: =WFTracker[[#This Row],[Active Time]]-WFTracker[[#This Row],[Completion Days Template]] -> -1 | Y22: =IF(WFTracker[[#This Row],[Overdue Time '[Expected-Completion']]]>0, "LATE","ON TIME") -> ON TIME | Z22: =IF(WFTracker[[#This Row],[Overdue Time '[Expected-Completion']]] >= 15, "SUPER LATE", Y22) -> ON TIME | AA22: =IF(WFTracker[[#This Row],[Pre RM Opening Time]]<WFTracker[[#This Row],[Old vs New Order Lead Time WF dead line]], "LATE BY ENG", "ON TIME BY ENG") -> ON TIME BY ENG | AC22: C | AD22: =IF(WFTracker[[#This Row],[Competion Date Content]]=TRUE,NETWORKDAYS.INTL(WFTracker[[#This Row],[RM]],TODAY(),1,Holidays!$D$4:$D$19), NETWORKDAYS.INTL(WFTracker[[#This Row],[RM]],WFTracker[[#This Row],[Completion Date]],1,Holidays!$D$4:$D$19)) -> -28 | AE22: =IF(WFTracker[[#This Row],[Impact Time Post RM]]>0, "IMPACTED", "NOT IMPACTED") -> NOT IMPACTED | AH22: =IF(WFTracker[[#This Row],[Status]]="C", "Closed", IF(WFTracker[[#This Row],[Status]] = "x", "Cancelled", WFTracker[[#This Row],[Impact Time Post RM]])) -> Closed | AI22: =IF(WFTracker[[#This Row],[Impact Time Post RM]]<=0,"ON TIME","LATE") -> ON TIME | AJ22: NA | AK22: 17 | AL22: =IF(WFTracker[[#This Row],[Type]]="MAKE", WFTracker[[#This Row],[Due date]]+Filters!$J$111, WFTracker[[#This Row],[Due date]]+Filters!$J$135) -> 45723.416 | AM22: {=_xlfn.IFS(WFTracker[[#This Row],[Type]]="BUY", WFTracker[[#This Row],[Task Number]]/17, WFTracker[[#This Row],[Type]]="MAKE", WFTracker[[#This Row],[Task Number]]/18, WFTracker[[#This Row],[Type]]="CNG-BOM", WFTracker[[#This Row],[Task Number]]/11)} -> 1
A23: =IF(WFTracker[[#This Row],[Order Number]]="SWBD", "QED2", "PZ4") -> PZ4 | B23: 0051035283 | C23: 0000010&0000050 | D23: =WFTracker[[#This Row],[Order Number]] & "-" & WFTracker[[#This Row],[Item]] -> 0051035283-0000010&0000050 | E23: SWITCHGEAR UPGRADE | F23: 45709 | H23: LGS | I23: OAL | J23: WF1652523 | K23: Elec | L23: MAKE | M23: ANSI 49 | N23: 45835 | O23: =NETWORKDAYS.INTL(WFTracker[[#This Row],[Start date]],WFTracker[[#This Row],[RM]],1,Holidays!D53:D68) -> -4 | P23: 45714 | Q23: 45722 | R23: 45722 | S23: =ISBLANK(WFTracker[[#This Row],[Completion Date]]) -> FALSE | T23: =TEXT(WFTracker[[#This Row],[Start date]],"mmm-yyyy") -> Feb-2025 | U23: 5 | V23: =NETWORKDAYS.INTL(WFTracker[[#This Row],[Start date]],WFTracker[[#This Row],[Due date]],1,Holidays!D53:D68) -> 7 | W23: =IF(WFTracker[[#This Row],[Competion Date Content]]= TRUE, NETWORKDAYS.INTL( WFTracker[[#This Row],[Start date]],TODAY(),1,Holidays!$D$4:$D$19), NETWORKDAYS.INTL( WFTracker[[#This Row],[Start date]],WFTracker[[#This Row],[Completion Date]],1,Holidays!$D$4:$D$19)) -> 7 | X23: =WFTracker[[#This Row],[Active Time]]-WFTracker[[#This Row],[Completion Days Template]] -> 0 | Y23: =IF(WFTracker[[#This Row],[Overdue Time '[Expected-Completion']]]>0, "LATE","ON TIME") -> ON TIME | Z23: =IF(WFTracker[[#This Row],[Overdue Time '[Expected-Completion']]] >= 15, "SUPER LATE", Y23) -> ON TIME | AA23: =IF(WFTracker[[#This Row],[Pre RM Opening Time]]<WFTracker[[#This Row],[Old vs New Order Lead Time WF dead line]], "LATE BY ENG", "ON TIME BY ENG") -> LATE BY ENG | AC23: =IF(WFTracker[[#This Row],[Competion Date Content]] = FALSE, "C", "I") -> C | AD23: =IF(WFTracker[[#This Row],[Competion Date Content]]=TRUE,NETWORKDAYS.INTL(WFTracker[[#This Row],[RM]],TODAY(),1,Holidays!$D$4:$D$19), NETWORKDAYS.INTL(WFTracker[[#This Row],[RM]],WFTracker[[#This Row],[Completion Date]],1,Holidays!$D$4:$D$19)) -> 10 | AE23: =IF(WFTracker[[#This Row],[Impact Time Post RM]]>0, "IMPACTED", "NOT IMPACTED") -> IMPACTED | AH23: =IF(WFTracker[[#This Row],[Status]]="C", "Closed", IF(WFTracker[[#This Row],[Status]] = "x", "Cancelled", WFTracker[[#This Row],[Impact Time Post RM]])) -> Closed | AI23: =IF(WFTracker[[#This Row],[Impact Time Post RM]]<=0,"ON TIME","LATE") -> LATE | AJ23: NA | AK23: 18 | AL23: =IF(WFTracker[[#This Row],[Type]]="MAKE", WFTracker[[#This Row],[Due date]]+Filters!$J$111, WFTracker[[#This Row],[Due date]]+Filters!$J$135) -> 45725.073 | AM23: {=_xlfn.IFS(WFTracker[[#This Row],[Type]]="BUY", WFTracker[[#This Row],[Task Number]]/17, WFTracker[[#This Row],[Type]]="MAKE", WFTracker[[#This Row],[Task Number]]/18, WFTracker[[#This Row],[Type]]="CNG-BOM", WFTracker[[#This Row],[Task Number]]/11)} -> 1
A24: =IF(WFTracker[[#This Row],[Order Number]]="SWBD", "QED2", "PZ4") -> PZ4 | B24: 0050255139 | C24: 000780 | D24: =WFTracker[[#This Row],[Order Number]] & "-" & WFTracker[[#This Row],[Item]] -> 0050255139-000780 | E24: CHARLOTTE WATER-MT. HOLLY PS & STOWE - | F24: 45730 | H24: KYC | I24: VL | J24: WF1652400 | K24: Mech | L24: MAKE | M24: ANSI 49 | N24: 45960 | O24: =NETWORKDAYS.INTL(WFTracker[[#This Row],[Start date]],WFTracker[[#This Row],[RM]],1,Holidays!D304:D319) -> 13 | P24: 45714 | Q24: 45721 | R24: 45722 | S24: =ISBLANK(WFTracker[[#This Row],[Completion Date]]) -> FALSE | T24: =TEXT(WFTracker[[#This Row],[Start date]],"mmm-yyyy") -> Feb-2025 | U24: 5 | V24: =NETWORKDAYS.INTL(WFTracker[[#This Row],[Start date]],WFTracker[[#This Row],[Due date]],1,Holidays!D304:D319) -> 6 | W24: =IF(WFTracker[[#This Row],[Competion Date Content]]= TRUE, NETWORKDAYS.INTL( WFTracker[[#This Row],[Start date]],TODAY(),1,Holidays!$D$4:$D$19), NETWORKDAYS.INTL( WFTracker[[#This Row],[Start date]],WFTracker[[#This Row],[Completion Date]],1,Holidays!$D$4:$D$19)) -> 7 | X24: =WFTracker[[#This Row],[Active Time]]-WFTracker[[#This Row],[Completion Days Template]] -> 1 | Y24: =IF(WFTracker[[#This Row],[Overdue Time '[Expected-Completion']]]>0, "LATE","ON TIME") -> LATE | Z24: =IF(WFTracker[[#This Row],[Overdue Time '[Expected-Completion']]] >= 15, "SUPER LATE", Y24) -> LATE | AA24: =IF(WFTracker[[#This Row],[Pre RM Opening Time]]<WFTracker[[#This Row],[Old vs New Order Lead Time WF dead line]], "LATE BY ENG", "ON TIME BY ENG") -> ON TIME BY ENG | AC24: =IF(WFTracker[[#This Row],[Competion Date Content]] = FALSE, "C", "i") -> C | AD24: =IF(WFTracker[[#This Row],[Competion Date Content]]=TRUE,NETWORKDAYS.INTL(WFTracker[[#This Row],[RM]],TODAY(),1,Holidays!$D$4:$D$19), NETWORKDAYS.INTL(WFTracker[[#This Row],[RM]],WFTracker[[#This Row],[Completion Date]],1,Holidays!$D$4:$D$19)) -> -7 | AE24: =IF(WFTracker[[#This Row],[Impact Time Post RM]]>0, "IMPACTED", "NOT IMPACTED") -> NOT IMPACTED | AH24: =IF(WFTracker[[#This Row],[Status]]="C", "Closed", IF(WFTracker[[#This Row],[Status]] = "x", "Cancelled", WFTracker[[#This Row],[Impact Time Post RM]])) -> Closed | AI24: =IF(WFTracker[[#This Row],[Impact Time Post RM]]<=0,"ON TIME","LATE") -> ON TIME | AJ24: NA | AK24: 18 | AL24: =IF(WFTracker[[#This Row],[Type]]="MAKE", WFTracker[[#This Row],[Due date]]+Filters!$J$111, WFTracker[[#This Row],[Due date]]+Filters!$J$135) -> 45724.073 | AM24: {=_xlfn.IFS(WFTracker[[#This Row],[Type]]="BUY", WFTracker[[#This Row],[Task Number]]/17, WFTracker[[#This Row],[Type]]="MAKE", WFTracker[[#This Row],[Task Number]]/18, WFTracker[[#This Row],[Type]]="CNG-BOM", WFTracker[[#This Row],[Task Number]]/11)} -> 1
A25: =IF(WFTracker[[#This Row],[Order Number]]="SWBD", "QED2", "PZ4") -> PZ4 | B25: 0050959328 | C25: 000010 | D25: =WFTracker[[#This Row],[Order Number]] & "-" & WFTracker[[#This Row],[Item]] -> 0050959328-000010 | E25: NSBSL SUBSTATION REPLACEMENT | F25: 45726 | H25: RAS | I25: OAL | J25: WF1654489 | K25: Elec | L25: BUY | M25: ANSI 49 | N25: 45835 | O25: =NETWORKDAYS.INTL(WFTracker[[#This Row],[Start date]],WFTracker[[#This Row],[RM]],1,Holidays!D102:D117) -> 6 | P25: 45719 | Q25: 45719 | R25: 45727 | S25: =ISBLANK(WFTracker[[#This Row],[Completion Date]]) -> FALSE | T25: =TEXT(WFTracker[[#This Row],[Start date]],"mmm-yyyy") -> Mar-2025 | U25: 5 | V25: =NETWORKDAYS.INTL(WFTracker[[#This Row],[Start date]],WFTracker[[#This Row],[Due date]],1,Holidays!D102:D117) -> 1 | W25: =IF(WFTracker[[#This Row],[Competion Date Content]]= TRUE, NETWORKDAYS.INTL( WFTracker[[#This Row],[Start date]],TODAY(),1,Holidays!$D$4:$D$19), NETWORKDAYS.INTL( WFTracker[[#This Row],[Start date]],WFTracker[[#This Row],[Completion Date]],1,Holidays!$D$4:$D$19)) -> 7 | X25: =WFTracker[[#This Row],[Active Time]]-WFTracker[[#This Row],[Completion Days Template]] -> 6 | Y25: =IF(WFTracker[[#This Row],[Overdue Time '[Expected-Completion']]]>0, "LATE","ON TIME") -> LATE | Z25: =IF(WFTracker[[#This Row],[Overdue Time '[Expected-Completion']]] >= 15, "SUPER LATE", Y25) -> LATE | AA25: =IF(WFTracker[[#This Row],[Pre RM Opening Time]]<WFTracker[[#This Row],[Old vs New Order Lead Time WF dead line]], "LATE BY ENG", "ON TIME BY ENG") -> ON TIME BY ENG | AC25: =IF(WFTracker[[#This Row],[Competion Date Content]] = FALSE, "C", "i") -> C | AD25: =IF(WFTracker[[#This Row],[Competion Date Content]]=TRUE,NETWORKDAYS.INTL(WFTracker[[#This Row],[RM]],TODAY(),1,Holidays!$D$4:$D$19), NETWORKDAYS.INTL(WFTracker[[#This Row],[RM]],WFTracker[[#This Row],[Completion Date]],1,Holidays!$D$4:$D$19)) -> 2 | AE25: =IF(WFTracker[[#This Row],[Impact Time Post RM]]>0, "IMPACTED", "NOT IMPACTED") -> IMPACTED | AH25: =IF(WFTracker[[#This Row],[Status]]="C", "Closed", IF(WFTracker[[#This Row],[Status]] = "x", "Cancelled", WFTracker[[#This Row],[Impact Time Post RM]])) -> Closed | AI25: =IF(WFTracker[[#This Row],[Impact Time Post RM]]<=0,"ON TIME","LATE") -> LATE | AJ25: NA | AK25: 17 | AL25: =IF(WFTracker[[#This Row],[Type]]="MAKE", WFTracker[[#This Row],[Due date]]+Filters!$J$111, WFTracker[[#This Row],[Due date]]+Filters!$J$135) -> 45719.416 | AM25: {=_xlfn.IFS(WFTracker[[#This Row],[Type]]="BUY", WFTracker[[#This Row],[Task Number]]/17, WFTracker[[#This Row],[Type]]="MAKE", WFTracker[[#This Row],[Task Number]]/18, WFTracker[[#This Row],[Type]]="CNG-BOM", WFTracker[[#This Row],[Task Number]]/11)} -> 1
A26: =IF(WFTracker[[#This Row],[Order Number]]="SWBD", "QED2", "PZ4") -> PZ4 | B26: 0050959328 | C26: 000010 | D26: =WFTracker[[#This Row],[Order Number]] & "-" & WFTracker[[#This Row],[Item]] -> 0050959328-000010 | E26: NSBSL SUBSTATION REPLACEMENT | F26: 45726 | H26: RAS | I26: OAL | J26: WF1654647 | K26: Elec | L26: MAKE | M26: ANSI 49 | N26: 45835 | O26: =NETWORKDAYS.INTL(WFTracker[[#This Row],[Start date]],WFTracker[[#This Row],[RM]],1,Holidays!D103:D118) -> 6 | P26: 45719 | Q26: 45727 | R26: 45735 | S26: =ISBLANK(WFTracker[[#This Row],[Completion Date]]) -> FALSE | T26: =TEXT(WFTracker[[#This Row],[Start date]],"mmm-yyyy") -> Mar-2025 | U26: 5 | V26: =NETWORKDAYS.INTL(WFTracker[[#This Row],[Start date]],WFTracker[[#This Row],[Due date]],1,Holidays!D103:D118) -> 7 | W26: =IF(WFTracker[[#This Row],[Competion Date Content]]= TRUE, NETWORKDAYS.INTL( WFTracker[[#This Row],[Start date]],TODAY(),1,Holidays!$D$4:$D$19), NETWORKDAYS.INTL( WFTracker[[#This Row],[Start date]],WFTracker[[#This Row],[Completion Date]],1,Holidays!$D$4:$D$19)) -> 12 | X26: =WFTracker[[#This Row],[Active Time]]-WFTracker[[#This Row],[Completion Days Template]] -> 5 | Y26: =IF(WFTracker[[#This Row],[Overdue Time '[Expected-Completion']]]>0, "LATE","ON TIME") -> LATE | Z26: =IF(WFTracker[[#This Row],[Overdue Time '[Expected-Completion']]] >= 15, "SUPER LATE", Y26) -> LATE | AA26: =IF(WFTracker[[#This Row],[Pre RM Opening Time]]<WFTracker[[#This Row],[Old vs New Order Lead Time WF dead line]], "LATE BY ENG", "ON TIME BY ENG") -> ON TIME BY ENG | AC26: =IF(WFTracker[[#This Row],[Competion Date Content]] = FALSE, "C", "i") -> C | AD26: =IF(WFTracker[[#This Row],[Competion Date Content]]=TRUE,NETWORKDAYS.INTL(WFTracker[[#This Row],[RM]],TODAY(),1,Holidays!$D$4:$D$19), NETWORKDAYS.INTL(WFTracker[[#This Row],[RM]],WFTracker[[#This Row],[Completion Date]],1,Holidays!$D$4:$D$19)) -> 7 | AE26: =IF(WFTracker[[#This Row],[Impact Time Post RM]]>0, "IMPACTED", "NOT IMPACTED") -> IMPACTED | AH26: =IF(WFTracker[[#This Row],[Status]]="C", "Closed", IF(WFTracker[[#This Row],[Status]] = "x", "Cancelled", WFTracker[[#This Row],[Impact Time Post RM]])) -> Closed | AI26: =IF(WFTracker[[#This Row],[Impact Time Post RM]]<=0,"ON TIME","LATE") -> LATE | AJ26: NA | AK26: 18 | AL26: =IF(WFTracker[[#This Row],[Type]]="MAKE", WFTracker[[#This Row],[Due date]]+Filters!$J$111, WFTracker[[#This Row],[Due date]]+Filters!$J$135) -> 45730.073 | AM26: {=_xlfn.IFS(WFTracker[[#This Row],[Type]]="BUY", WFTracker[[#This Row],[Task Number]]/17, WFTracker[[#This Row],[Type]]="MAKE", WFTracker[[#This Row],[Task Number]]/18, WFTracker[[#This Row],[Type]]="CNG-BOM", WFTracker[[#This Row],[Task Number]]/11)} -> 1
A27: =IF(WFTracker[[#This Row],[Order Number]]="SWBD", "QED2", "PZ4") -> PZ4 | B27: 0050255139 | C27: 000780 | D27: =WFTracker[[#This Row],[Order Number]] & "-" & WFTracker[[#This Row],[Item]] -> 0050255139-000780 | E27: CHARLOTTE WATER-MT. HOLLY PS & STOWE - | F27: 45730 | H27: KYC | I27: VL | J27: WF1654591 | K27: Mech | L27: MAKE | M27: ANSI 49 | N27: 45960 | O27: =NETWORKDAYS.INTL(WFTracker[[#This Row],[Start date]],WFTracker[[#This Row],[RM]],1,Holidays!D209:D224) -> 10 | P27: 45719 | Q27: 45726 | R27: 45728 | S27: =ISBLANK(WFTracker[[#This Row],[Completion Date]]) -> FALSE | T27: =TEXT(WFTracker[[#This Row],[Start date]],"mmm-yyyy") -> Mar-2025 | U27: 5 | V27: =NETWORKDAYS.INTL(WFTracker[[#This Row],[Start date]],WFTracker[[#This Row],[Due date]],1,Holidays!D209:D224) -> 6 | W27: =IF(WFTracker[[#This Row],[Competion Date Content]]= TRUE, NETWORKDAYS.INTL( WFTracker[[#This Row],[Start date]],TODAY(),1,Holidays!$D$4:$D$19), NETWORKDAYS.INTL( WFTracker[[#This Row],[Start date]],WFTracker[[#This Row],[Completion Date]],1,Holidays!$D$4:$D$19)) -> 8 | X27: =WFTracker[[#This Row],[Active Time]]-WFTracker[[#This Row],[Completion Days Template]] -> 2 | Y27: =IF(WFTracker[[#This Row],[Overdue Time '[Expected-Completion']]]>0, "LATE","ON TIME") -> LATE | Z27: =IF(WFTracker[[#This Row],[Overdue Time '[Expected-Completion']]] >= 15, "SUPER LATE", Y27) -> LATE | AA27: =IF(WFTracker[[#This Row],[Pre RM Opening Time]]<WFTracker[[#This Row],[Old vs New Order Lead Time WF dead line]], "LATE BY ENG", "ON TIME BY ENG") -> ON TIME BY ENG | AC27: =IF(WFTracker[[#This Row],[Competion Date Content]] = FALSE, "C", "i") -> C | AD27: =IF(WFTracker[[#This Row],[Competion Date Content]]=TRUE,NETWORKDAYS.INTL(WFTracker[[#This Row],[RM]],TODAY(),1,Holidays!$D$4:$D$19), NETWORKDAYS.INTL(WFTracker[[#This Row],[RM]],WFTracker[[#This Row],[Completion Date]],1,Holidays!$D$4:$D$19)) -> -3 | AE27: =IF(WFTracker[[#This Row],[Impact Time Post RM]]>0, "IMPACTED", "NOT IMPACTED") -> NOT IMPACTED | AH27: =IF(WFTracker[[#This Row],[Status]]="C", "Closed", IF(WFTracker[[#This Row],[Status]] = "x", "Cancelled", WFTracker[[#This Row],[Impact Time Post RM]])) -> Closed | AI27: =IF(WFTracker[[#This Row],[Impact Time Post RM]]<=0,"ON TIME","LATE") -> ON TIME | AJ27: NA | AK27: 18 | AL27: =IF(WFTracker[[#This Row],[Type]]="MAKE", WFTracker[[#This Row],[Due date]]+Filters!$J$111, WFTracker[[#This Row],[Due date]]+Filters!$J$135) -> 45729.073 | AM27: {=_xlfn.IFS(WFTracker[[#This Row],[Type]]="BUY", WFTracker[[#This Row],[Task Number]]/17, WFTracker[[#This Row],[Type]]="MAKE", WFTracker[[#This Row],[Task Number]]/18, WFTracker[[#This Row],[Type]]="CNG-BOM", WFTracker[[#This Row],[Task Number]]/11)} -> 1
A28: =IF(WFTracker[[#This Row],[Order Number]]="SWBD", "QED2", "PZ4") -> PZ4 | B28: 0050255139 | C28: 000780 | D28: =WFTracker[[#This Row],[Order Number]] & "-" & WFTracker[[#This Row],[Item]] -> 0050255139-000780 | E28: CHARLOTTE WATER-MT. HOLLY PS & STOWE - | F28: 45730 | H28: KYC | I28: VL | J28: WF1654659 | K28: Mech | L28: MAKE | M28: ANSI 49 | N28: 45960 | O28: =NETWORKDAYS.INTL(WFTracker[[#This Row],[Start date]],WFTracker[[#This Row],[RM]],1,Holidays!D210:D225) -> 10 | P28: 45719 | Q28: 45727 | R28: 45728 | S28: =ISBLANK(WFTracker[[#This Row],[Completion Date]]) -> FALSE | T28: =TEXT(WFTracker[[#This Row],[Start date]],"mmm-yyyy") -> Mar-2025 | U28: 5 | V28: =NETWORKDAYS.INTL(WFTracker[[#This Row],[Start date]],WFTracker[[#This Row],[Due date]],1,Holidays!D210:D225) -> 7 | W28: =IF(WFTracker[[#This Row],[Competion Date Content]]= TRUE, NETWORKDAYS.INTL( WFTracker[[#This Row],[Start date]],TODAY(),1,Holidays!$D$4:$D$19), NETWORKDAYS.INTL( WFTracker[[#This Row],[Start date]],WFTracker[[#This Row],[Completion Date]],1,Holidays!$D$4:$D$19)) -> 8 | X28: =WFTracker[[#This Row],[Active Time]]-WFTracker[[#This Row],[Completion Days Template]] -> 1 | Y28: =IF(WFTracker[[#This Row],[Overdue Time '[Expected-Completion']]]>0, "LATE","ON TIME") -> LATE | Z28: =IF(WFTracker[[#This Row],[Overdue Time '[Expected-Completion']]] >= 15, "SUPER LATE", Y28) -> LATE | AA28: =IF(WFTracker[[#This Row],[Pre RM Opening Time]]<WFTracker[[#This Row],[Old vs New Order Lead Time WF dead line]], "LATE BY ENG", "ON TIME BY ENG") -> ON TIME BY ENG | AC28: =IF(WFTracker[[#This Row],[Competion Date Content]] = FALSE, "C", "i") -> C | AD28: =IF(WFTracker[[#This Row],[Competion Date Content]]=TRUE,NETWORKDAYS.INTL(WFTracker[[#This Row],[RM]],TODAY(),1,Holidays!$D$4:$D$19), NETWORKDAYS.INTL(WFTracker[[#This Row],[RM]],WFTracker[[#This Row],[Completion Date]],1,Holidays!$D$4:$D$19)) -> -3 | AE28: =IF(WFTracker[[#This Row],[Impact Time Post RM]]>0, "IMPACTED", "NOT IMPACTED") -> NOT IMPACTED | AH28: =IF(WFTracker[[#This Row],[Status]]="C", "Closed", IF(WFTracker[[#This Row],[Status]] = "x", "Cancelled", WFTracker[[#This Row],[Impact Time Post RM]])) -> Closed | AI28: =IF(WFTracker[[#This Row],[Impact Time Post RM]]<=0,"ON TIME","LATE") -> ON TIME | AJ28: NA | AK28: 18 | AL28: =IF(WFTracker[[#This Row],[Type]]="MAKE", WFTracker[[#This Row],[Due date]]+Filters!$J$111, WFTracker[[#This Row],[Due date]]+Filters!$J$135) -> 45730.073 | AM28: {=_xlfn.IFS(WFTracker[[#This Row],[Type]]="BUY", WFTracker[[#This Row],[Task Number]]/17, WFTracker[[#This Row],[Type]]="MAKE", WFTracker[[#This Row],[Task Number]]/18, WFTracker[[#This Row],[Type]]="CNG-BOM", WFTracker[[#This Row],[Task Number]]/11)} -> 1
A29: =IF(WFTracker[[#This Row],[Order Number]]="SWBD", "QED2", "PZ4") -> PZ4 | B29: 0050780333 | C29: 000110 | D29: =WFTracker[[#This Row],[Order Number]] & "-" & WFTracker[[#This Row],[Item]] -> 0050780333-000110 | E29: UCSF PRAB 60CD MAR 2024 LONG LEAD SWITCH | F29: 45730 | H29: LMB | I29: ADL | J29: WF1654754 | K29: Mech | L29: MAKE | M29: ANSI 61 | N29: 45896 | O29: =NETWORKDAYS.INTL(WFTracker[[#This Row],[Start date]],WFTracker[[#This Row],[RM]],1,Holidays!D211:D226) -> 10 | P29: 45719 | Q29: 45728 | R29: 45740 | S29: =ISBLANK(WFTracker[[#This Row],[Completion Date]]) -> FALSE | T29: =TEXT(WFTracker[[#This Row],[Start date]],"mmm-yyyy") -> Mar-2025 | U29: 5 | V29: =NETWORKDAYS.INTL(WFTracker[[#This Row],[Start date]],WFTracker[[#This Row],[Due date]],1,Holidays!D211:D226) -> 8 | W29: =IF(WFTracker[[#This Row],[Competion Date Content]]= TRUE, NETWORKDAYS.INTL( WFTracker[[#This Row],[Start date]],TODAY(),1,Holidays!$D$4:$D$19), NETWORKDAYS.INTL( WFTracker[[#This Row],[Start date]],WFTracker[[#This Row],[Completion Date]],1,Holidays!$D$4:$D$19)) -> 15 | X29: =WFTracker[[#This Row],[Active Time]]-WFTracker[[#This Row],[Completion Days Template]] -> 7 | Y29: =IF(WFTracker[[#This Row],[Overdue Time '[Expected-Completion']]]>0, "LATE","ON TIME") -> LATE | Z29: =IF(WFTracker[[#This Row],[Overdue Time '[Expected-Completion']]] >= 15, "SUPER LATE", Y29) -> LATE | AA29: =IF(WFTracker[[#This Row],[Pre RM Opening Time]]<WFTracker[[#This Row],[Old vs New Order Lead Time WF dead line]], "LATE BY ENG", "ON TIME BY ENG") -> ON TIME BY ENG | AC29: =IF(WFTracker[[#This Row],[Competion Date Content]] = FALSE, "C", "i") -> C | AD29: =IF(WFTracker[[#This Row],[Competion Date Content]]=TRUE,NETWORKDAYS.INTL(WFTracker[[#This Row],[RM]],TODAY(),1,Holidays!$D$4:$D$19), NETWORKDAYS.INTL(WFTracker[[#This Row],[RM]],WFTracker[[#This Row],[Completion Date]],1,Holidays!$D$4:$D$19)) -> 6 | AE29: =IF(WFTracker[[#This Row],[Impact Time Post RM]]>0, "IMPACTED", "NOT IMPACTED") -> IMPACTED | AH29: =IF(WFTracker[[#This Row],[Status]]="C", "Closed", IF(WFTracker[[#This Row],[Status]] = "x", "Cancelled", WFTracker[[#This Row],[Impact Time Post RM]])) -> Closed | AI29: =IF(WFTracker[[#This Row],[Impact Time Post RM]]<=0,"ON TIME","LATE") -> LATE | AJ29: NA | AK29: 18 | AL29: =IF(WFTracker[[#This Row],[Type]]="MAKE", WFTracker[[#This Row],[Due date]]+Filters!$J$111, WFTracker[[#This Row],[Due date]]+Filters!$J$135) -> 45731.073 | AM29: {=_xlfn.IFS(WFTracker[[#This Row],[Type]]="BUY", WFTracker[[#This Row],[Task Number]]/17, WFTracker[[#This Row],[Type]]="MAKE", WFTracker[[#This Row],[Task Number]]/18, WFTracker[[#This Row],[Type]]="CNG-BOM", WFTracker[[#This Row],[Task Number]]/11)} -> 1
A30: =IF(WFTracker[[#This Row],[Order Number]]="SWBD", "QED2", "PZ4") -> PZ4 | B30: 0050780333 | C30: 000110 | D30: =WFTracker[[#This Row],[Order Number]] & "-" & WFTracker[[#This Row],[Item]] -> 0050780333-000110 | E30: UCSF PRAB 60CD MAR 2024 LONG LEAD SWITCH | F30: 45730 | H30: LMB | I30: ADL | J30: WF1654757 | K30: Mech | L30: MAKE | M30: ANSI 61 | N30: 45896 | O30: =NETWORKDAYS.INTL(WFTracker[[#This Row],[Start date]],WFTracker[[#This Row],[RM]],1,Holidays!D212:D227) -> 10 | P30: 45719 | Q30: 45728 | R30: 45736 | S30: =ISBLANK(WFTracker[[#This Row],[Completion Date]]) -> FALSE | T30: =TEXT(WFTracker[[#This Row],[Start date]],"mmm-yyyy") -> Mar-2025 | U30: 5 | V30: =NETWORKDAYS.INTL(WFTracker[[#This Row],[Start date]],WFTracker[[#This Row],[Due date]],1,Holidays!D212:D227) -> 8 | W30: =IF(WFTracker[[#This Row],[Competion Date Content]]= TRUE, NETWORKDAYS.INTL( WFTracker[[#This Row],[Start date]],TODAY(),1,Holidays!$D$4:$D$19), NETWORKDAYS.INTL( WFTracker[[#This Row],[Start date]],WFTracker[[#This Row],[Completion Date]],1,Holidays!$D$4:$D$19)) -> 13 | X30: =WFTracker[[#This Row],[Active Time]]-WFTracker[[#This Row],[Completion Days Template]] -> 5 | Y30: =IF(WFTracker[[#This Row],[Overdue Time '[Expected-Completion']]]>0, "LATE","ON TIME") -> LATE | Z30: =IF(WFTracker[[#This Row],[Overdue Time '[Expected-Completion']]] >= 15, "SUPER LATE", Y30) -> LATE | AA30: =IF(WFTracker[[#This Row],[Pre RM Opening Time]]<WFTracker[[#This Row],[Old vs New Order Lead Time WF dead line]], "LATE BY ENG", "ON TIME BY ENG") -> ON TIME BY ENG | AC30: =IF(WFTracker[[#This Row],[Competion Date Content]] = FALSE, "C", "i") -> C | AD30: =IF(WFTracker[[#This Row],[Competion Date Content]]=TRUE,NETWORKDAYS.INTL(WFTracker[[#This Row],[RM]],TODAY(),1,Holidays!$D$4:$D$19), NETWORKDAYS.INTL(WFTracker[[#This Row],[RM]],WFTracker[[#This Row],[Completion Date]],1,Holidays!$D$4:$D$19)) -> 4 | AE30: =IF(WFTracker[[#This Row],[Impact Time Post RM]]>0, "IMPACTED", "NOT IMPACTED") -> IMPACTED | AH30: =IF(WFTracker[[#This Row],[Status]]="C", "Closed", IF(WFTracker[[#This Row],[Status]] = "x", "Cancelled", WFTracker[[#This Row],[Impact Time Post RM]])) -> Closed | AI30: =IF(WFTracker[[#This Row],[Impact Time Post RM]]<=0,"ON TIME","LATE") -> LATE | AJ30: NA | AK30: 18 | AL30: =IF(WFTracker[[#This Row],[Type]]="MAKE", WFTracker[[#This Row],[Due date]]+Filters!$J$111, WFTracker[[#This Row],[Due date]]+Filters!$J$135) -> 45731.073 | AM30: {=_xlfn.IFS(WFTracker[[#This Row],[Type]]="BUY", WFTracker[[#This Row],[Task Number]]/17, WFTracker[[#This Row],[Type]]="MAKE", WFTracker[[#This Row],[Task Number]]/18, WFTracker[[#This Row],[Type]]="CNG-BOM", WFTracker[[#This Row],[Task Number]]/11)} -> 1
A31: =IF(WFTracker[[#This Row],[Order Number]]="SWBD", "QED2", "PZ4") -> PZ4 | B31: 0050780333 | C31: 000110 | D31: =WFTracker[[#This Row],[Order Number]] & "-" & WFTracker[[#This Row],[Item]] -> 0050780333-000110 | E31: UCSF PRAB 60CD MAR 2024 LONG LEAD SWITCH | F31: 45730 | H31: LMB | I31: ADL | J31: WF1654786 | K31: Mech | L31: MAKE | M31: ANSI 61 | N31: 45896 | O31: =NETWORKDAYS.INTL(WFTracker[[#This Row],[Start date]],WFTracker[[#This Row],[RM]],1,Holidays!D213:D228) -> 10 | P31: 45719 | Q31: 45728 | R31: 45740 | S31: =ISBLANK(WFTracker[[#This Row],[Completion Date]]) -> FALSE | T31: =TEXT(WFTracker[[#This Row],[Start date]],"mmm-yyyy") -> Mar-2025 | U31: 5 | V31: =NETWORKDAYS.INTL(WFTracker[[#This Row],[Start date]],WFTracker[[#This Row],[Due date]],1,Holidays!D213:D228) -> 8 | W31: =IF(WFTracker[[#This Row],[Competion Date Content]]= TRUE, NETWORKDAYS.INTL( WFTracker[[#This Row],[Start date]],TODAY(),1,Holidays!$D$4:$D$19), NETWORKDAYS.INTL( WFTracker[[#This Row],[Start date]],WFTracker[[#This Row],[Completion Date]],1,Holidays!$D$4:$D$19)) -> 15 | X31: =WFTracker[[#This Row],[Active Time]]-WFTracker[[#This Row],[Completion Days Template]] -> 7 | Y31: =IF(WFTracker[[#This Row],[Overdue Time '[Expected-Completion']]]>0, "LATE","ON TIME") -> LATE | Z31: =IF(WFTracker[[#This Row],[Overdue Time '[Expected-Completion']]] >= 15, "SUPER LATE", Y31) -> LATE | AA31: =IF(WFTracker[[#This Row],[Pre RM Opening Time]]<WFTracker[[#This Row],[Old vs New Order Lead Time WF dead line]], "LATE BY ENG", "ON TIME BY ENG") -> ON TIME BY ENG | AC31: =IF(WFTracker[[#This Row],[Competion Date Content]] = FALSE, "C", "i") -> C | AD31: =IF(WFTracker[[#This Row],[Competion Date Content]]=TRUE,NETWORKDAYS.INTL(WFTracker[[#This Row],[RM]],TODAY(),1,Holidays!$D$4:$D$19), NETWORKDAYS.INTL(WFTracker[[#This Row],[RM]],WFTracker[[#This Row],[Completion Date]],1,Holidays!$D$4:$D$19)) -> 6 | AE31: =IF(WFTracker[[#This Row],[Impact Time Post RM]]>0, "IMPACTED", "NOT IMPACTED") -> IMPACTED | AH31: =IF(WFTracker[[#This Row],[Status]]="C", "Closed", IF(WFTracker[[#This Row],[Status]] = "x", "Cancelled", WFTracker[[#This Row],[Impact Time Post RM]])) -> Closed | AI31: =IF(WFTracker[[#This Row],[Impact Time Post RM]]<=0,"ON TIME","LATE") -> LATE | AJ31: NA | AK31: 18 | AL31: =IF(WFTracker[[#This Row],[Type]]="MAKE", WFTracker[[#This Row],[Due date]]+Filters!$J$111, WFTracker[[#This Row],[Due date]]+Filters!$J$135) -> 45731.073 | AM31: {=_xlfn.IFS(WFTracker[[#This Row],[Type]]="BUY", WFTracker[[#This Row],[Task Number]]/17, WFTracker[[#This Row],[Type]]="MAKE", WFTracker[[#This Row],[Task Number]]/18, WFTracker[[#This Row],[Type]]="CNG-BOM", WFTracker[[#This Row],[Task Number]]/11)} -> 1
A32: =IF(WFTracker[[#This Row],[Order Number]]="SWBD", "QED2", "PZ4") -> PZ4 | B32: 0050780333 | C32: 000110 | D32: =WFTracker[[#This Row],[Order Number]] & "-" & WFTracker[[#This Row],[Item]] -> 0050780333-000110 | E32: UCSF PRAB 60CD MAR 2024 LONG LEAD SWITCH | F32: 45730 | H32: LMB | I32: ADL | J32: WF1654753 | K32: Mech | L32: BUY | M32: ANSI 61 | N32: 45896 | O32: =NETWORKDAYS.INTL(WFTracker[[#This Row],[Start date]],WFTracker[[#This Row],[RM]],1,Holidays!D214:D229) -> 10 | P32: 45719 | Q32: 45733 | R32: 45729 | S32: =ISBLANK(WFTracker[[#This Row],[Completion Date]]) -> FALSE | T32: =TEXT(WFTracker[[#This Row],[Start date]],"mmm-yyyy") -> Mar-2025 | U32: 5 | V32: =NETWORKDAYS.INTL(WFTracker[[#This Row],[Start date]],WFTracker[[#This Row],[Due date]],1,Holidays!D214:D229) -> 11 | W32: =IF(WFTracker[[#This Row],[Competion Date Content]]= TRUE, NETWORKDAYS.INTL( WFTracker[[#This Row],[Start date]],TODAY(),1,Holidays!$D$4:$D$19), NETWORKDAYS.INTL( WFTracker[[#This Row],[Start date]],WFTracker[[#This Row],[Completion Date]],1,Holidays!$D$4:$D$19)) -> 9 | X32: =WFTracker[[#This Row],[Active Time]]-WFTracker[[#This Row],[Completion Days Template]] -> -2 | Y32: =IF(WFTracker[[#This Row],[Overdue Time '[Expected-Completion']]]>0, "LATE","ON TIME") -> ON TIME | Z32: =IF(WFTracker[[#This Row],[Overdue Time '[Expected-Completion']]] >= 15, "SUPER LATE", Y32) -> ON TIME | AA32: =IF(WFTracker[[#This Row],[Pre RM Opening Time]]<WFTracker[[#This Row],[Old vs New Order Lead Time WF dead line]], "LATE BY ENG", "ON TIME BY ENG") -> ON TIME BY ENG | AC32: =IF(WFTracker[[#This Row],[Competion Date Content]] = FALSE, "C", "i") -> C | AD32: =IF(WFTracker[[#This Row],[Competion Date Content]]=TRUE,NETWORKDAYS.INTL(WFTracker[[#This Row],[RM]],TODAY(),1,Holidays!$D$4:$D$19), NETWORKDAYS.INTL(WFTracker[[#This Row],[RM]],WFTracker[[#This Row],[Completion Date]],1,Holidays!$D$4:$D$19)) -> -2 | AE32: =IF(WFTracker[[#This Row],[Impact Time Post RM]]>0, "IMPACTED", "NOT IMPACTED") -> NOT IMPACTED | AH32: =IF(WFTracker[[#This Row],[Status]]="C", "Closed", IF(WFTracker[[#This Row],[Status]] = "x", "Cancelled", WFTracker[[#This Row],[Impact Time Post RM]])) -> Closed | AI32: =IF(WFTracker[[#This Row],[Impact Time Post RM]]<=0,"ON TIME","LATE") -> ON TIME | AJ32: NA | AK32: 17 | AL32: =IF(WFTracker[[#This Row],[Type]]="MAKE", WFTracker[[#This Row],[Due date]]+Filters!$J$111, WFTracker[[#This Row],[Due date]]+Filters!$J$135) -> 45733.416 | AM32: {=_xlfn.IFS(WFTracker[[#This Row],[Type]]="BUY", WFTracker[[#This Row],[Task Number]]/17, WFTracker[[#This Row],[Type]]="MAKE", WFTracker[[#This Row],[Task Number]]/18, WFTracker[[#This Row],[Type]]="CNG-BOM", WFTracker[[#This Row],[Task Number]]/11)} -> 1
A33: =IF(WFTracker[[#This Row],[Order Number]]="SWBD", "QED2", "PZ4") -> PZ4 | B33: 0050255139 | C33: 000780 | D33: =WFTracker[[#This Row],[Order Number]] & "-" & WFTracker[[#This Row],[Item]] -> 0050255139-000780 | E33: CHARLOTTE WATER-MT. HOLLY PS & STOWE - | F33: 45730 | H33: KYC | I33: VL | J33: WF1655177 | K33: Mech | L33: MAKE | M33: ANSI 49 | N33: 45960 | O33: =NETWORKDAYS.INTL(WFTracker[[#This Row],[Start date]],WFTracker[[#This Row],[RM]],1,Holidays!D183:D198) -> 9 | P33: 45720 | Q33: 45727 | R33: 45735 | S33: =ISBLANK(WFTracker[[#This Row],[Completion Date]]) -> FALSE | T33: =TEXT(WFTracker[[#This Row],[Start date]],"mmm-yyyy") -> Mar-2025 | U33: 5 | V33: =NETWORKDAYS.INTL(WFTracker[[#This Row],[Start date]],WFTracker[[#This Row],[Due date]],1,Holidays!D183:D198) -> 6 | W33: =IF(WFTracker[[#This Row],[Competion Date Content]]= TRUE, NETWORKDAYS.INTL( WFTracker[[#This Row],[Start date]],TODAY(),1,Holidays!$D$4:$D$19), NETWORKDAYS.INTL( WFTracker[[#This Row],[Start date]],WFTracker[[#This Row],[Completion Date]],1,Holidays!$D$4:$D$19)) -> 11 | X33: =WFTracker[[#This Row],[Active Time]]-WFTracker[[#This Row],[Completion Days Template]] -> 5 | Y33: =IF(WFTracker[[#This Row],[Overdue Time '[Expected-Completion']]]>0, "LATE","ON TIME") -> LATE | Z33: =IF(WFTracker[[#This Row],[Overdue Time '[Expected-Completion']]] >= 15, "SUPER LATE", Y33) -> LATE | AA33: =IF(WFTracker[[#This Row],[Pre RM Opening Time]]<WFTracker[[#This Row],[Old vs New Order Lead Time WF dead line]], "LATE BY ENG", "ON TIME BY ENG") -> ON TIME BY ENG | AC33: =IF(WFTracker[[#This Row],[Competion Date Content]] = FALSE, "C", "i") -> C | AD33: =IF(WFTracker[[#This Row],[Competion Date Content]]=TRUE,NETWORKDAYS.INTL(WFTracker[[#This Row],[RM]],TODAY(),1,Holidays!$D$4:$D$19), NETWORKDAYS.INTL(WFTracker[[#This Row],[RM]],WFTracker[[#This Row],[Completion Date]],1,Holidays!$D$4:$D$19)) -> 3 | AE33: =IF(WFTracker[[#This Row],[Impact Time Post RM]]>0, "IMPACTED", "NOT IMPACTED") -> IMPACTED | AH33: =IF(WFTracker[[#This Row],[Status]]="C", "Closed", IF(WFTracker[[#This Row],[Status]] = "x", "Cancelled", WFTracker[[#This Row],[Impact Time Post RM]])) -> Closed | AI33: =IF(WFTracker[[#This Row],[Impact Time Post RM]]<=0,"ON TIME","LATE") -> LATE | AJ33: NA | AK33: 18 | AL33: =IF(WFTracker[[#This Row],[Type]]="MAKE", WFTracker[[#This Row],[Due date]]+Filters!$J$111, WFTracker[[#This Row],[Due date]]+Filters!$J$135) -> 45730.073 | AM33: {=_xlfn.IFS(WFTracker[[#This Row],[Type]]="BUY", WFTracker[[#This Row],[Task Number]]/17, WFTracker[[#This Row],[Type]]="MAKE", WFTracker[[#This Row],[Task Number]]/18, WFTracker[[#This Row],[Type]]="CNG-BOM", WFTracker[[#This Row],[Task Number]]/11)} -> 1
A34: =IF(WFTracker[[#This Row],[Order Number]]="SWBD", "QED2", "PZ4") -> PZ4 | B34: 0050255139 | C34: 000780 | D34: =WFTracker[[#This Row],[Order Number]] & "-" & WFTracker[[#This Row],[Item]] -> 0050255139-000780 | E34: CHARLOTTE WATER-MT. HOLLY PS & STOWE - | F34: 45730 | H34: KYC | I34: VL | J34: WF1655377 | K34: Mech | L34: BUY | M34: ANSI 49 | N34: 45960 | O34: =NETWORKDAYS.INTL(WFTracker[[#This Row],[Start date]],WFTracker[[#This Row],[RM]],1,Holidays!D184:D199) -> 9 | P34: 45720 | Q34: 45730 | R34: 45729 | S34: =ISBLANK(WFTracker[[#This Row],[Completion Date]]) -> FALSE | T34: =TEXT(WFTracker[[#This Row],[Start date]],"mmm-yyyy") -> Mar-2025 | U34: 5 | V34: =NETWORKDAYS.INTL(WFTracker[[#This Row],[Start date]],WFTracker[[#This Row],[Due date]],1,Holidays!D184:D199) -> 9 | W34: =IF(WFTracker[[#This Row],[Competion Date Content]]= TRUE, NETWORKDAYS.INTL( WFTracker[[#This Row],[Start date]],TODAY(),1,Holidays!$D$4:$D$19), NETWORKDAYS.INTL( WFTracker[[#This Row],[Start date]],WFTracker[[#This Row],[Completion Date]],1,Holidays!$D$4:$D$19)) -> 8 | X34: =WFTracker[[#This Row],[Active Time]]-WFTracker[[#This Row],[Completion Days Template]] -> -1 | Y34: =IF(WFTracker[[#This Row],[Overdue Time '[Expected-Completion']]]>0, "LATE","ON TIME") -> ON TIME | Z34: =IF(WFTracker[[#This Row],[Overdue Time '[Expected-Completion']]] >= 15, "SUPER LATE", Y34) -> ON TIME | AA34: =IF(WFTracker[[#This Row],[Pre RM Opening Time]]<WFTracker[[#This Row],[Old vs New Order Lead Time WF dead line]], "LATE BY ENG", "ON TIME BY ENG") -> ON TIME BY ENG | AC34: =IF(WFTracker[[#This Row],[Competion Date Content]] = FALSE, "C", "i") -> C | AD34: =IF(WFTracker[[#This Row],[Competion Date Content]]=TRUE,NETWORKDAYS.INTL(WFTracker[[#This Row],[RM]],TODAY(),1,Holidays!$D$4:$D$19), NETWORKDAYS.INTL(WFTracker[[#This Row],[RM]],WFTracker[[#This Row],[Completion Date]],1,Holidays!$D$4:$D$19)) -> -2 | AE34: =IF(WFTracker[[#This Row],[Impact Time Post RM]]>0, "IMPACTED", "NOT IMPACTED") -> NOT IMPACTED | AH34: =IF(WFTracker[[#This Row],[Status]]="C", "Closed", IF(WFTracker[[#This Row],[Status]] = "x", "Cancelled", WFTracker[[#This Row],[Impact Time Post RM]])) -> Closed | AI34: =IF(WFTracker[[#This Row],[Impact Time Post RM]]<=0,"ON TIME","LATE") -> ON TIME | AJ34: NA | AK34: 17 | AL34: =IF(WFTracker[[#This Row],[Type]]="MAKE", WFTracker[[#This Row],[Due date]]+Filters!$J$111, WFTracker[[#This Row],[Due date]]+Filters!$J$135) -> 45730.416 | AM34: {=_xlfn.IFS(WFTracker[[#This Row],[Type]]="BUY", WFTracker[[#This Row],[Task Number]]/17, WFTracker[[#This Row],[Type]]="MAKE", WFTracker[[#This Row],[Task Number]]/18, WFTracker[[#This Row],[Type]]="CNG-BOM", WFTracker[[#This Row],[Task Number]]/11)} -> 1
A35: =IF(WFTracker[[#This Row],[Order Number]]="SWBD", "QED2", "PZ4") -> PZ4 | B35: 0050206201 | C35: 000180 | D35: =WFTracker[[#This Row],[Order Number]] & "-" & WFTracker[[#This Row],[Item]] -> 0050206201-000180 | E35: AT&T GREENWOOD - GEAR ORDER | F35: 45762 | H35: MGL | I35: KGF | J35: WF1655339 | K35: Elec | L35: MAKE | M35: ANSI 49 | N35: 45888 | O35: =NETWORKDAYS.INTL(WFTracker[[#This Row],[Start date]],WFTracker[[#This Row],[RM]],1,Holidays!D564:D579) -> 31 | P35: 45720 | Q35: 45728 | R35: 45740 | S35: =ISBLANK(WFTracker[[#This Row],[Completion Date]]) -> FALSE | T35: =TEXT(WFTracker[[#This Row],[Start date]],"mmm-yyyy") -> Mar-2025 | U35: 5 | V35: =NETWORKDAYS.INTL(WFTracker[[#This Row],[Start date]],WFTracker[[#This Row],[Due date]],1,Holidays!D564:D579) -> 7 | W35: =IF(WFTracker[[#This Row],[Competion Date Content]]= TRUE, NETWORKDAYS.INTL( WFTracker[[#This Row],[Start date]],TODAY(),1,Holidays!$D$4:$D$19), NETWORKDAYS.INTL( WFTracker[[#This Row],[Start date]],WFTracker[[#This Row],[Completion Date]],1,Holidays!$D$4:$D$19)) -> 14 | X35: =WFTracker[[#This Row],[Active Time]]-WFTracker[[#This Row],[Completion Days Template]] -> 7 | Y35: =IF(WFTracker[[#This Row],[Overdue Time '[Expected-Completion']]]>0, "LATE","ON TIME") -> LATE | Z35: =IF(WFTracker[[#This Row],[Overdue Time '[Expected-Completion']]] >= 15, "SUPER LATE", Y35) -> LATE | AA35: =IF(WFTracker[[#This Row],[Pre RM Opening Time]]<WFTracker[[#This Row],[Old vs New Order Lead Time WF dead line]], "LATE BY ENG", "ON TIME BY ENG") -> ON TIME BY ENG | AC35: C | AD35: =IF(WFTracker[[#This Row],[Competion Date Content]]=TRUE,NETWORKDAYS.INTL(WFTracker[[#This Row],[RM]],TODAY(),1,Holidays!$D$4:$D$19), NETWORKDAYS.INTL(WFTracker[[#This Row],[RM]],WFTracker[[#This Row],[Completion Date]],1,Holidays!$D$4:$D$19)) -> -17 | AE35: =IF(WFTracker[[#This Row],[Impact Time Post RM]]>0, "IMPACTED", "NOT IMPACTED") -> NOT IMPACTED | AH35: =IF(WFTracker[[#This Row],[Status]]="C", "Closed", IF(WFTracker[[#This Row],[Status]] = "x", "Cancelled", WFTracker[[#This Row],[Impact Time Post RM]])) -> Closed | AI35: =IF(WFTracker[[#This Row],[Impact Time Post RM]]<=0,"ON TIME","LATE") -> ON TIME | AJ35: NA | AK35: 18 | AL35: =IF(WFTracker[[#This Row],[Type]]="MAKE", WFTracker[[#This Row],[Due date]]+Filters!$J$111, WFTracker[[#This Row],[Due date]]+Filters!$J$135) -> 45731.073 | AM35: {=_xlfn.IFS(WFTracker[[#This Row],[Type]]="BUY", WFTracker[[#This Row],[Task Number]]/17, WFTracker[[#This Row],[Type]]="MAKE", WFTracker[[#This Row],[Task Number]]/18, WFTracker[[#This Row],[Type]]="CNG-BOM", WFTracker[[#This Row],[Task Number]]/11)} -> 1
A36: =IF(WFTracker[[#This Row],[Order Number]]="SWBD", "QED2", "PZ4") -> PZ4 | B36: 0050206201 | C36: 000180 | D36: =WFTracker[[#This Row],[Order Number]] & "-" & WFTracker[[#This Row],[Item]] -> 0050206201-000180 | E36: AT&T GREENWOOD - GEAR ORDER | F36: 45762 | H36: MGL | I36: KGF | J36: WF1655340 | K36: Elec | L36: MAKE | M36: ANSI 49 | N36: 45888 | O36: =NETWORKDAYS.INTL(WFTracker[[#This Row],[Start date]],WFTracker[[#This Row],[RM]],1,Holidays!D565:D580) -> 31 | P36: 45720 | Q36: 45728 | R36: 45728 | S36: =ISBLANK(WFTracker[[#This Row],[Completion Date]]) -> FALSE | T36: =TEXT(WFTracker[[#This Row],[Start date]],"mmm-yyyy") -> Mar-2025 | U36: 5 | V36: =NETWORKDAYS.INTL(WFTracker[[#This Row],[Start date]],WFTracker[[#This Row],[Due date]],1,Holidays!D565:D580) -> 7 | W36: =IF(WFTracker[[#This Row],[Competion Date Content]]= TRUE, NETWORKDAYS.INTL( WFTracker[[#This Row],[Start date]],TODAY(),1,Holidays!$D$4:$D$19), NETWORKDAYS.INTL( WFTracker[[#This Row],[Start date]],WFTracker[[#This Row],[Completion Date]],1,Holidays!$D$4:$D$19)) -> 7 | X36: =WFTracker[[#This Row],[Active Time]]-WFTracker[[#This Row],[Completion Days Template]] -> 0 | Y36: =IF(WFTracker[[#This Row],[Overdue Time '[Expected-Completion']]]>0, "LATE","ON TIME") -> ON TIME | Z36: =IF(WFTracker[[#This Row],[Overdue Time '[Expected-Completion']]] >= 15, "SUPER LATE", Y36) -> ON TIME | AA36: =IF(WFTracker[[#This Row],[Pre RM Opening Time]]<WFTracker[[#This Row],[Old vs New Order Lead Time WF dead line]], "LATE BY ENG", "ON TIME BY ENG") -> ON TIME BY ENG | AC36: C | AD36: =IF(WFTracker[[#This Row],[Competion Date Content]]=TRUE,NETWORKDAYS.INTL(WFTracker[[#This Row],[RM]],TODAY(),1,Holidays!$D$4:$D$19), NETWORKDAYS.INTL(WFTracker[[#This Row],[RM]],WFTracker[[#This Row],[Completion Date]],1,Holidays!$D$4:$D$19)) -> -24 | AE36: =IF(WFTracker[[#This Row],[Impact Time Post RM]]>0, "IMPACTED", "NOT IMPACTED") -> NOT IMPACTED | AH36: =IF(WFTracker[[#This Row],[Status]]="C", "Closed", IF(WFTracker[[#This Row],[Status]] = "x", "Cancelled", WFTracker[[#This Row],[Impact Time Post RM]])) -> Closed | AI36: =IF(WFTracker[[#This Row],[Impact Time Post RM]]<=0,"ON TIME","LATE") -> ON TIME | AJ36: NA | AK36: 18 | AL36: =IF(WFTracker[[#This Row],[Type]]="MAKE", WFTracker[[#This Row],[Due date]]+Filters!$J$111, WFTracker[[#This Row],[Due date]]+Filters!$J$135) -> 45731.073 | AM36: {=_xlfn.IFS(WFTracker[[#This Row],[Type]]="BUY", WFTracker[[#This Row],[Task Number]]/17, WFTracker[[#This Row],[Type]]="MAKE", WFTracker[[#This Row],[Task Number]]/18, WFTracker[[#This Row],[Type]]="CNG-BOM", WFTracker[[#This Row],[Task Number]]/11)} -> 1
A37: =IF(WFTracker[[#This Row],[Order Number]]="SWBD", "QED2", "PZ4") -> PZ4 | B37: 0050780333 | C37: 000110 | D37: =WFTracker[[#This Row],[Order Number]] & "-" & WFTracker[[#This Row],[Item]] -> 0050780333-000110 | E37: UCSF PRAB 60CD MAR 2024 LONG LEAD SWITCH | F37: 45730 | H37: LMB | I37: ADL | J37: WF1656229 | K37: Mech | L37: MAKE | M37: ANSI 61 | N37: 45896 | O37: =NETWORKDAYS.INTL(WFTracker[[#This Row],[Start date]],WFTracker[[#This Row],[RM]],1,Holidays!D153:D168) -> 8 | P37: 45721 | Q37: 45730 | R37: 45740 | S37: =ISBLANK(WFTracker[[#This Row],[Completion Date]]) -> FALSE | T37: =TEXT(WFTracker[[#This Row],[Start date]],"mmm-yyyy") -> Mar-2025 | U37: 5 | V37: =NETWORKDAYS.INTL(WFTracker[[#This Row],[Start date]],WFTracker[[#This Row],[Due date]],1,Holidays!D153:D168) -> 8 | W37: =IF(WFTracker[[#This Row],[Competion Date Content]]= TRUE, NETWORKDAYS.INTL( WFTracker[[#This Row],[Start date]],TODAY(),1,Holidays!$D$4:$D$19), NETWORKDAYS.INTL( WFTracker[[#This Row],[Start date]],WFTracker[[#This Row],[Completion Date]],1,Holidays!$D$4:$D$19)) -> 13 | X37: =WFTracker[[#This Row],[Active Time]]-WFTracker[[#This Row],[Completion Days Template]] -> 5 | Y37: =IF(WFTracker[[#This Row],[Overdue Time '[Expected-Completion']]]>0, "LATE","ON TIME") -> LATE | Z37: =IF(WFTracker[[#This Row],[Overdue Time '[Expected-Completion']]] >= 15, "SUPER LATE", Y37) -> LATE | AA37: =IF(WFTracker[[#This Row],[Pre RM Opening Time]]<WFTracker[[#This Row],[Old vs New Order Lead Time WF dead line]], "LATE BY ENG", "ON TIME BY ENG") -> ON TIME BY ENG | AC37: =IF(WFTracker[[#This Row],[Competion Date Content]] = FALSE, "C", "i") -> C | AD37: =IF(WFTracker[[#This Row],[Competion Date Content]]=TRUE,NETWORKDAYS.INTL(WFTracker[[#This Row],[RM]],TODAY(),1,Holidays!$D$4:$D$19), NETWORKDAYS.INTL(WFTracker[[#This Row],[RM]],WFTracker[[#This Row],[Completion Date]],1,Holidays!$D$4:$D$19)) -> 6 | AE37: =IF(WFTracker[[#This Row],[Impact Time Post RM]]>0, "IMPACTED", "NOT IMPACTED") -> IMPACTED | AH37: =IF(WFTracker[[#This Row],[Status]]="C", "Closed", IF(WFTracker[[#This Row],[Status]] = "x", "Cancelled", WFTracker[[#This Row],[Impact Time Post RM]])) -> Closed | AI37: =IF(WFTracker[[#This Row],[Impact Time Post RM]]<=0,"ON TIME","LATE") -> LATE | AJ37: NA | AK37: 18 | AL37: =IF(WFTracker[[#This Row],[Type]]="MAKE", WFTracker[[#This Row],[Due date]]+Filters!$J$111, WFTracker[[#This Row],[Due date]]+Filters!$J$135) -> 45733.073 | AM37: {=_xlfn.IFS(WFTracker[[#This Row],[Type]]="BUY", WFTracker[[#This Row],[Task Number]]/17, WFTracker[[#This Row],[Type]]="MAKE", WFTracker[[#This Row],[Task Number]]/18, WFTracker[[#This Row],[Type]]="CNG-BOM", WFTracker[[#This Row],[Task Number]]/11)} -> 1
A38: =IF(WFTracker[[#This Row],[Order Number]]="SWBD", "QED2", "PZ4") -> PZ4 | B38: 0050780333 | C38: 000110 | D38: =WFTracker[[#This Row],[Order Number]] & "-" & WFTracker[[#This Row],[Item]] -> 0050780333-000110 | E38: UCSF PRAB 60CD MAR 2024 LONG LEAD SWITCH | F38: 45730 | H38: LMB | I38: ADL | J38: WF1656216 | K38: Mech | L38: BUY | M38: ANSI 61 | N38: 45896 | O38: =NETWORKDAYS.INTL(WFTracker[[#This Row],[Start date]],WFTracker[[#This Row],[RM]],1,Holidays!D154:D169) -> 8 | P38: 45721 | Q38: 45735 | R38: 45729 | S38: =ISBLANK(WFTracker[[#This Row],[Completion Date]]) -> FALSE | T38: =TEXT(WFTracker[[#This Row],[Start date]],"mmm-yyyy") -> Mar-2025 | U38: 5 | V38: =NETWORKDAYS.INTL(WFTracker[[#This Row],[Start date]],WFTracker[[#This Row],[Due date]],1,Holidays!D154:D169) -> 11 | W38: =IF(WFTracker[[#This Row],[Competion Date Content]]= TRUE, NETWORKDAYS.INTL( WFTracker[[#This Row],[Start date]],TODAY(),1,Holidays!$D$4:$D$19), NETWORKDAYS.INTL( WFTracker[[#This Row],[Start date]],WFTracker[[#This Row],[Completion Date]],1,Holidays!$D$4:$D$19)) -> 7 | X38: =WFTracker[[#This Row],[Active Time]]-WFTracker[[#This Row],[Completion Days Template]] -> -4 | Y38: =IF(WFTracker[[#This Row],[Overdue Time '[Expected-Completion']]]>0, "LATE","ON TIME") -> ON TIME | Z38: =IF(WFTracker[[#This Row],[Overdue Time '[Expected-Completion']]] >= 15, "SUPER LATE", Y38) -> ON TIME | AA38: =IF(WFTracker[[#This Row],[Pre RM Opening Time]]<WFTracker[[#This Row],[Old vs New Order Lead Time WF dead line]], "LATE BY ENG", "ON TIME BY ENG") -> ON TIME BY ENG | AC38: =IF(WFTracker[[#This Row],[Competion Date Content]] = FALSE, "C", "i") -> C | AD38: =IF(WFTracker[[#This Row],[Competion Date Content]]=TRUE,NETWORKDAYS.INTL(WFTracker[[#This Row],[RM]],TODAY(),1,Holidays!$D$4:$D$19), NETWORKDAYS.INTL(WFTracker[[#This Row],[RM]],WFTracker[[#This Row],[Completion Date]],1,Holidays!$D$4:$D$19)) -> -2 | AE38: =IF(WFTracker[[#This Row],[Impact Time Post RM]]>0, "IMPACTED", "NOT IMPACTED") -> NOT IMPACTED | AH38: =IF(WFTracker[[#This Row],[Status]]="C", "Closed", IF(WFTracker[[#This Row],[Status]] = "x", "Cancelled", WFTracker[[#This Row],[Impact Time Post RM]])) -> Closed | AI38: =IF(WFTracker[[#This Row],[Impact Time Post RM]]<=0,"ON TIME","LATE") -> ON TIME | AJ38: NA | AK38: 17 | AL38: =IF(WFTracker[[#This Row],[Type]]="MAKE", WFTracker[[#This Row],[Due date]]+Filters!$J$111, WFTracker[[#This Row],[Due date]]+Filters!$J$135) -> 45735.416 | AM38: {=_xlfn.IFS(WFTracker[[#This Row],[Type]]="BUY", WFTracker[[#This Row],[Task Number]]/17, WFTracker[[#This Row],[Type]]="MAKE", WFTracker[[#This Row],[Task Number]]/18, WFTracker[[#This Row],[Type]]="CNG-BOM", WFTracker[[#This Row],[Task Number]]/11)} -> 1
A39: =IF(WFTracker[[#This Row],[Order Number]]="SWBD", "QED2", "PZ4") -> PZ4 | B39: 0050206201 | C39: 000160 | D39: =WFTracker[[#This Row],[Order Number]] & "-" & WFTracker[[#This Row],[Item]] -> 0050206201-000160 | E39: AT&T GREENWOOD - GEAR ORDER | F39: 45769 | H39: JAM | I39: ADL | J39: WF1656091 | K39: Elec | L39: MAKE | M39: ANSI 49 | N39: 45868 | O39: =NETWORKDAYS.INTL(WFTracker[[#This Row],[Start date]],WFTracker[[#This Row],[RM]],1,Holidays!D579:D594) -> 35 | P39: 45721 | Q39: 45729 | R39: 45735 | S39: =ISBLANK(WFTracker[[#This Row],[Completion Date]]) -> FALSE | T39: =TEXT(WFTracker[[#This Row],[Start date]],"mmm-yyyy") -> Mar-2025 | U39: 5 | V39: =NETWORKDAYS.INTL(WFTracker[[#This Row],[Start date]],WFTracker[[#This Row],[Due date]],1,Holidays!D579:D594) -> 7 | W39: =IF(WFTracker[[#This Row],[Competion Date Content]]= TRUE, NETWORKDAYS.INTL( WFTracker[[#This Row],[Start date]],TODAY(),1,Holidays!$D$4:$D$19), NETWORKDAYS.INTL( WFTracker[[#This Row],[Start date]],WFTracker[[#This Row],[Completion Date]],1,Holidays!$D$4:$D$19)) -> 10 | X39: =WFTracker[[#This Row],[Active Time]]-WFTracker[[#This Row],[Completion Days Template]] -> 3 | Y39: =IF(WFTracker[[#This Row],[Overdue Time '[Expected-Completion']]]>0, "LATE","ON TIME") -> LATE | Z39: =IF(WFTracker[[#This Row],[Overdue Time '[Expected-Completion']]] >= 15, "SUPER LATE", Y39) -> LATE | AA39: =IF(WFTracker[[#This Row],[Pre RM Opening Time]]<WFTracker[[#This Row],[Old vs New Order Lead Time WF dead line]], "LATE BY ENG", "ON TIME BY ENG") -> ON TIME BY ENG | AC39: C | AD39: =IF(WFTracker[[#This Row],[Competion Date Content]]=TRUE,NETWORKDAYS.INTL(WFTracker[[#This Row],[RM]],TODAY(),1,Holidays!$D$4:$D$19), NETWORKDAYS.INTL(WFTracker[[#This Row],[RM]],WFTracker[[#This Row],[Completion Date]],1,Holidays!$D$4:$D$19)) -> -23 | AE39: =IF(WFTracker[[#This Row],[Impact Time Post RM]]>0, "IMPACTED", "NOT IMPACTED") -> NOT IMPACTED | AH39: =IF(WFTracker[[#This Row],[Status]]="C", "Closed", IF(WFTracker[[#This Row],[Status]] = "x", "Cancelled", WFTracker[[#This Row],[Impact Time Post RM]])) -> Closed | AI39: =IF(WFTracker[[#This Row],[Impact Time Post RM]]<=0,"ON TIME","LATE") -> ON TIME | AJ39: NA | AK39: 18 | AL39: =IF(WFTracker[[#This Row],[Type]]="MAKE", WFTracker[[#This Row],[Due date]]+Filters!$J$111, WFTracker[[#This Row],[Due date]]+Filters!$J$135) -> 45732.073 | AM39: {=_xlfn.IFS(WFTracker[[#This Row],[Type]]="BUY", WFTracker[[#This Row],[Task Number]]/17, WFTracker[[#This Row],[Type]]="MAKE", WFTracker[[#This Row],[Task Number]]/18, WFTracker[[#This Row],[Type]]="CNG-BOM", WFTracker[[#This Row],[Task Number]]/11)} -> 1
A40: =IF(WFTracker[[#This Row],[Order Number]]="SWBD", "QED2", "PZ4") -> PZ4 | B40: 0050746660 | C40: 000030 | D40: =WFTracker[[#This Row],[Order Number]] & "-" & WFTracker[[#This Row],[Item]] -> 0050746660-000030 | E40: PINELLAS COUNTY DUNN WWTP _ PALM HARBOR | F40: 45730 | H40: JTV | I40: KGF | J40: WF1656722 | K40: Mech | L40: MAKE | M40: ANSI 49 | N40: 45869 | O40: =NETWORKDAYS.INTL(WFTracker[[#This Row],[Start date]],WFTracker[[#This Row],[RM]],1,Holidays!D114:D129) -> 7 | P40: 45722 | Q40: 45729 | R40: 45741 | S40: =ISBLANK(WFTracker[[#This Row],[Completion Date]]) -> FALSE | T40: =TEXT(WFTracker[[#This Row],[Start date]],"mmm-yyyy") -> Mar-2025 | U40: 5 | V40: =NETWORKDAYS.INTL(WFTracker[[#This Row],[Start date]],WFTracker[[#This Row],[Due date]],1,Holidays!D114:D129) -> 6 | W40: =IF(WFTracker[[#This Row],[Competion Date Content]]= TRUE, NETWORKDAYS.INTL( WFTracker[[#This Row],[Start date]],TODAY(),1,Holidays!$D$4:$D$19), NETWORKDAYS.INTL( WFTracker[[#This Row],[Start date]],WFTracker[[#This Row],[Completion Date]],1,Holidays!$D$4:$D$19)) -> 13 | X40: =WFTracker[[#This Row],[Active Time]]-WFTracker[[#This Row],[Completion Days Template]] -> 7 | Y40: =IF(WFTracker[[#This Row],[Overdue Time '[Expected-Completion']]]>0, "LATE","ON TIME") -> LATE | Z40: =IF(WFTracker[[#This Row],[Overdue Time '[Expected-Completion']]] >= 15, "SUPER LATE", Y40) -> LATE | AA40: =IF(WFTracker[[#This Row],[Pre RM Opening Time]]<WFTracker[[#This Row],[Old vs New Order Lead Time WF dead line]], "LATE BY ENG", "ON TIME BY ENG") -> ON TIME BY ENG | AC40: =IF(WFTracker[[#This Row],[Competion Date Content]] = FALSE, "C", "i") -> C | AD40: =IF(WFTracker[[#This Row],[Competion Date Content]]=TRUE,NETWORKDAYS.INTL(WFTracker[[#This Row],[RM]],TODAY(),1,Holidays!$D$4:$D$19), NETWORKDAYS.INTL(WFTracker[[#This Row],[RM]],WFTracker[[#This Row],[Completion Date]],1,Holidays!$D$4:$D$19)) -> 7 | AE40: =IF(WFTracker[[#This Row],[Impact Time Post RM]]>0, "IMPACTED", "NOT IMPACTED") -> IMPACTED | AH40: =IF(WFTracker[[#This Row],[Status]]="C", "Closed", IF(WFTracker[[#This Row],[Status]] = "x", "Cancelled", WFTracker[[#This Row],[Impact Time Post RM]])) -> Closed | AI40: =IF(WFTracker[[#This Row],[Impact Time Post RM]]<=0,"ON TIME","LATE") -> LATE | AJ40: NA | AK40: 18 | AL40: =IF(WFTracker[[#This Row],[Type]]="MAKE", WFTracker[[#This Row],[Due date]]+Filters!$J$111, WFTracker[[#This Row],[Due date]]+Filters!$J$135) -> 45732.073 | AM40: {=_xlfn.IFS(WFTracker[[#This Row],[Type]]="BUY", WFTracker[[#This Row],[Task Number]]/17, WFTracker[[#This Row],[Type]]="MAKE", WFTracker[[#This Row],[Task Number]]/18, WFTracker[[#This Row],[Type]]="CNG-BOM", WFTracker[[#This Row],[Task Number]]/11)} -> 1
A41: =IF(WFTracker[[#This Row],[Order Number]]="SWBD", "QED2", "PZ4") -> PZ4 | B41: 0050746660 | C41: 000030 | D41: =WFTracker[[#This Row],[Order Number]] & "-" & WFTracker[[#This Row],[Item]] -> 0050746660-000030 | E41: PINELLAS COUNTY DUNN WWTP _ PALM HARBOR | F41: 45730 | H41: JTV | I41: KGF | J41: WF1656778 | K41: Mech | L41: MAKE | M41: ANSI 49 | N41: 45869 | O41: =NETWORKDAYS.INTL(WFTracker[[#This Row],[Start date]],WFTracker[[#This Row],[RM]],1,Holidays!D115:D130) -> 7 | P41: 45722 | Q41: 45729 | R41: 45735 | S41: =ISBLANK(WFTracker[[#This Row],[Completion Date]]) -> FALSE | T41: =TEXT(WFTracker[[#This Row],[Start date]],"mmm-yyyy") -> Mar-2025 | U41: 5 | V41: =NETWORKDAYS.INTL(WFTracker[[#This Row],[Start date]],WFTracker[[#This Row],[Due date]],1,Holidays!D115:D130) -> 6 | W41: =IF(WFTracker[[#This Row],[Competion Date Content]]= TRUE, NETWORKDAYS.INTL( WFTracker[[#This Row],[Start date]],TODAY(),1,Holidays!$D$4:$D$19), NETWORKDAYS.INTL( WFTracker[[#This Row],[Start date]],WFTracker[[#This Row],[Completion Date]],1,Holidays!$D$4:$D$19)) -> 9 | X41: =WFTracker[[#This Row],[Active Time]]-WFTracker[[#This Row],[Completion Days Template]] -> 3 | Y41: =IF(WFTracker[[#This Row],[Overdue Time '[Expected-Completion']]]>0, "LATE","ON TIME") -> LATE | Z41: =IF(WFTracker[[#This Row],[Overdue Time '[Expected-Completion']]] >= 15, "SUPER LATE", Y41) -> LATE | AA41: =IF(WFTracker[[#This Row],[Pre RM Opening Time]]<WFTracker[[#This Row],[Old vs New Order Lead Time WF dead line]], "LATE BY ENG", "ON TIME BY ENG") -> ON TIME BY ENG | AC41: =IF(WFTracker[[#This Row],[Competion Date Content]] = FALSE, "C", "i") -> C | AD41: =IF(WFTracker[[#This Row],[Competion Date Content]]=TRUE,NETWORKDAYS.INTL(WFTracker[[#This Row],[RM]],TODAY(),1,Holidays!$D$4:$D$19), NETWORKDAYS.INTL(WFTracker[[#This Row],[RM]],WFTracker[[#This Row],[Completion Date]],1,Holidays!$D$4:$D$19)) -> 3 | AE41: =IF(WFTracker[[#This Row],[Impact Time Post RM]]>0, "IMPACTED", "NOT IMPACTED") -> IMPACTED | AH41: =IF(WFTracker[[#This Row],[Status]]="C", "Closed", IF(WFTracker[[#This Row],[Status]] = "x", "Cancelled", WFTracker[[#This Row],[Impact Time Post RM]])) -> Closed | AI41: =IF(WFTracker[[#This Row],[Impact Time Post RM]]<=0,"ON TIME","LATE") -> LATE | AJ41: NA | AK41: 18 | AL41: =IF(WFTracker[[#This Row],[Type]]="MAKE", WFTracker[[#This Row],[Due date]]+Filters!$J$111, WFTracker[[#This Row],[Due date]]+Filters!$J$135) -> 45732.073 | AM41: {=_xlfn.IFS(WFTracker[[#This Row],[Type]]="BUY", WFTracker[[#This Row],[Task Number]]/17, WFTracker[[#This Row],[Type]]="MAKE", WFTracker[[#This Row],[Task Number]]/18, WFTracker[[#This Row],[Type]]="CNG-BOM", WFTracker[[#This Row],[Task Number]]/11)} -> 1
A42: =IF(WFTracker[[#This Row],[Order Number]]="SWBD", "QED2", "PZ4") -> PZ4 | B42: 0050746660 | C42: 000030 | D42: =WFTracker[[#This Row],[Order Number]] & "-" & WFTracker[[#This Row],[Item]] -> 0050746660-000030 | E42: PINELLAS COUNTY DUNN WWTP _ PALM HARBOR | F42: 45730 | H42: JTV | I42: KGF | J42: WF1656725 | K42: Mech | L42: BUY | M42: ANSI 49 | N42: 45869 | O42: =NETWORKDAYS.INTL(WFTracker[[#This Row],[Start date]],WFTracker[[#This Row],[RM]],1,Holidays!D116:D131) -> 7 | P42: 45722 | Q42: 45734 | R42: 45741 | S42: =ISBLANK(WFTracker[[#This Row],[Completion Date]]) -> FALSE | T42: =TEXT(WFTracker[[#This Row],[Start date]],"mmm-yyyy") -> Mar-2025 | U42: 5 | V42: =NETWORKDAYS.INTL(WFTracker[[#This Row],[Start date]],WFTracker[[#This Row],[Due date]],1,Holidays!D116:D131) -> 9 | W42: =IF(WFTracker[[#This Row],[Competion Date Content]]= TRUE, NETWORKDAYS.INTL( WFTracker[[#This Row],[Start date]],TODAY(),1,Holidays!$D$4:$D$19), NETWORKDAYS.INTL( WFTracker[[#This Row],[Start date]],WFTracker[[#This Row],[Completion Date]],1,Holidays!$D$4:$D$19)) -> 13 | X42: =WFTracker[[#This Row],[Active Time]]-WFTracker[[#This Row],[Completion Days Template]] -> 4 | Y42: =IF(WFTracker[[#This Row],[Overdue Time '[Expected-Completion']]]>0, "LATE","ON TIME") -> LATE | Z42: =IF(WFTracker[[#This Row],[Overdue Time '[Expected-Completion']]] >= 15, "SUPER LATE", Y42) -> LATE | AA42: =IF(WFTracker[[#This Row],[Pre RM Opening Time]]<WFTracker[[#This Row],[Old vs New Order Lead Time WF dead line]], "LATE BY ENG", "ON TIME BY ENG") -> ON TIME BY ENG | AC42: =IF(WFTracker[[#This Row],[Competion Date Content]] = FALSE, "C", "i") -> C | AD42: =IF(WFTracker[[#This Row],[Competion Date Content]]=TRUE,NETWORKDAYS.INTL(WFTracker[[#This Row],[RM]],TODAY(),1,Holidays!$D$4:$D$19), NETWORKDAYS.INTL(WFTracker[[#This Row],[RM]],WFTracker[[#This Row],[Completion Date]],1,Holidays!$D$4:$D$19)) -> 7 | AE42: =IF(WFTracker[[#This Row],[Impact Time Post RM]]>0, "IMPACTED", "NOT IMPACTED") -> IMPACTED | AH42: =IF(WFTracker[[#This Row],[Status]]="C", "Closed", IF(WFTracker[[#This Row],[Status]] = "x", "Cancelled", WFTracker[[#This Row],[Impact Time Post RM]])) -> Closed | AI42: =IF(WFTracker[[#This Row],[Impact Time Post RM]]<=0,"ON TIME","LATE") -> LATE | AJ42: NA | AK42: 17 | AL42: =IF(WFTracker[[#This Row],[Type]]="MAKE", WFTracker[[#This Row],[Due date]]+Filters!$J$111, WFTracker[[#This Row],[Due date]]+Filters!$J$135) -> 45734.416 | AM42: {=_xlfn.IFS(WFTracker[[#This Row],[Type]]="BUY", WFTracker[[#This Row],[Task Number]]/17, WFTracker[[#This Row],[Type]]="MAKE", WFTracker[[#This Row],[Task Number]]/18, WFTracker[[#This Row],[Type]]="CNG-BOM", WFTracker[[#This Row],[Task Number]]/11)} -> 1
A43: =IF(WFTracker[[#This Row],[Order Number]]="SWBD", "QED2", "PZ4") -> PZ4 | B43: 0050746660 | C43: 000030 | D43: =WFTracker[[#This Row],[Order Number]] & "-" & WFTracker[[#This Row],[Item]] -> 0050746660-000030 | E43: PINELLAS COUNTY DUNN WWTP _ PALM HARBOR | F43: 45730 | H43: JTV | I43: KGF | J43: WF1656782 | K43: Mech | L43: BUY | M43: ANSI 49 | N43: 45869 | O43: =NETWORKDAYS.INTL(WFTracker[[#This Row],[Start date]],WFTracker[[#This Row],[RM]],1,Holidays!D117:D132) -> 7 | P43: 45722 | Q43: 45734 | R43: 45735 | S43: =ISBLANK(WFTracker[[#This Row],[Completion Date]]) -> FALSE | T43: =TEXT(WFTracker[[#This Row],[Start date]],"mmm-yyyy") -> Mar-2025 | U43: 5 | V43: =NETWORKDAYS.INTL(WFTracker[[#This Row],[Start date]],WFTracker[[#This Row],[Due date]],1,Holidays!D117:D132) -> 9 | W43: =IF(WFTracker[[#This Row],[Competion Date Content]]= TRUE, NETWORKDAYS.INTL( WFTracker[[#This Row],[Start date]],TODAY(),1,Holidays!$D$4:$D$19), NETWORKDAYS.INTL( WFTracker[[#This Row],[Start date]],WFTracker[[#This Row],[Completion Date]],1,Holidays!$D$4:$D$19)) -> 9 | X43: =WFTracker[[#This Row],[Active Time]]-WFTracker[[#This Row],[Completion Days Template]] -> 0 | Y43: =IF(WFTracker[[#This Row],[Overdue Time '[Expected-Completion']]]>0, "LATE","ON TIME") -> ON TIME | Z43: =IF(WFTracker[[#This Row],[Overdue Time '[Expected-Completion']]] >= 15, "SUPER LATE", Y43) -> ON TIME | AA43: =IF(WFTracker[[#This Row],[Pre RM Opening Time]]<WFTracker[[#This Row],[Old vs New Order Lead Time WF dead line]], "LATE BY ENG", "ON TIME BY ENG") -> ON TIME BY ENG | AC43: =IF(WFTracker[[#This Row],[Competion Date Content]] = FALSE, "C", "i") -> C | AD43: =IF(WFTracker[[#This Row],[Competion Date Content]]=TRUE,NETWORKDAYS.INTL(WFTracker[[#This Row],[RM]],TODAY(),1,Holidays!$D$4:$D$19), NETWORKDAYS.INTL(WFTracker[[#This Row],[RM]],WFTracker[[#This Row],[Completion Date]],1,Holidays!$D$4:$D$19)) -> 3 | AE43: =IF(WFTracker[[#This Row],[Impact Time Post RM]]>0, "IMPACTED", "NOT IMPACTED") -> IMPACTED | AH43: =IF(WFTracker[[#This Row],[Status]]="C", "Closed", IF(WFTracker[[#This Row],[Status]] = "x", "Cancelled", WFTracker[[#This Row],[Impact Time Post RM]])) -> Closed | AI43: =IF(WFTracker[[#This Row],[Impact Time Post RM]]<=0,"ON TIME","LATE") -> LATE | AJ43: NA | AK43: 17 | AL43: =IF(WFTracker[[#This Row],[Type]]="MAKE", WFTracker[[#This Row],[Due date]]+Filters!$J$111, WFTracker[[#This Row],[Due date]]+Filters!$J$135) -> 45734.416 | AM43: {=_xlfn.IFS(WFTracker[[#This Row],[Type]]="BUY", WFTracker[[#This Row],[Task Number]]/17, WFTracker[[#This Row],[Type]]="MAKE", WFTracker[[#This Row],[Task Number]]/18, WFTracker[[#This Row],[Type]]="CNG-BOM", WFTracker[[#This Row],[Task Number]]/11)} -> 1
A44: =IF(WFTracker[[#This Row],[Order Number]]="SWBD", "QED2", "PZ4") -> PZ4 | B44: 0050746660 | C44: 000030 | D44: =WFTracker[[#This Row],[Order Number]] & "-" & WFTracker[[#This Row],[Item]] -> 0050746660-000030 | E44: PINELLAS COUNTY DUNN WWTP _ PALM HARBOR | F44: 45730 | H44: JTV | I44: KGF | J44: WF1657486 | K44: Mech | L44: MAKE | M44: ANSI 49 | N44: 45869 | O44: =NETWORKDAYS.INTL(WFTracker[[#This Row],[Start date]],WFTracker[[#This Row],[RM]],1,Holidays!D104:D119) -> 6 | P44: 45723 | Q44: 45733 | R44: 45729 | S44: =ISBLANK(WFTracker[[#This Row],[Completion Date]]) -> FALSE | T44: =TEXT(WFTracker[[#This Row],[Start date]],"mmm-yyyy") -> Mar-2025 | U44: 5 | V44: =NETWORKDAYS.INTL(WFTracker[[#This Row],[Start date]],WFTracker[[#This Row],[Due date]],1,Holidays!D104:D119) -> 7 | W44: =IF(WFTracker[[#This Row],[Competion Date Content]]= TRUE, NETWORKDAYS.INTL( WFTracker[[#This Row],[Start date]],TODAY(),1,Holidays!$D$4:$D$19), NETWORKDAYS.INTL( WFTracker[[#This Row],[Start date]],WFTracker[[#This Row],[Completion Date]],1,Holidays!$D$4:$D$19)) -> 5 | X44: =WFTracker[[#This Row],[Active Time]]-WFTracker[[#This Row],[Completion Days Template]] -> -2 | Y44: =IF(WFTracker[[#This Row],[Overdue Time '[Expected-Completion']]]>0, "LATE","ON TIME") -> ON TIME | Z44: =IF(WFTracker[[#This Row],[Overdue Time '[Expected-Completion']]] >= 15, "SUPER LATE", Y44) -> ON TIME | AA44: =IF(WFTracker[[#This Row],[Pre RM Opening Time]]<WFTracker[[#This Row],[Old vs New Order Lead Time WF dead line]], "LATE BY ENG", "ON TIME BY ENG") -> ON TIME BY ENG | AC44: =IF(WFTracker[[#This Row],[Competion Date Content]] = FALSE, "C", "i") -> C | AD44: =IF(WFTracker[[#This Row],[Competion Date Content]]=TRUE,NETWORKDAYS.INTL(WFTracker[[#This Row],[RM]],TODAY(),1,Holidays!$D$4:$D$19), NETWORKDAYS.INTL(WFTracker[[#This Row],[RM]],WFTracker[[#This Row],[Completion Date]],1,Holidays!$D$4:$D$19)) -> -2 | AE44: =IF(WFTracker[[#This Row],[Impact Time Post RM]]>0, "IMPACTED", "NOT IMPACTED") -> NOT IMPACTED | AH44: =IF(WFTracker[[#This Row],[Status]]="C", "Closed", IF(WFTracker[[#This Row],[Status]] = "x", "Cancelled", WFTracker[[#This Row],[Impact Time Post RM]])) -> Closed | AI44: =IF(WFTracker[[#This Row],[Impact Time Post RM]]<=0,"ON TIME","LATE") -> ON TIME | AJ44: NA | AK44: 18 | AL44: =IF(WFTracker[[#This Row],[Type]]="MAKE", WFTracker[[#This Row],[Due date]]+Filters!$J$111, WFTracker[[#This Row],[Due date]]+Filters!$J$135) -> 45736.073 | AM44: {=_xlfn.IFS(WFTracker[[#This Row],[Type]]="BUY", WFTracker[[#This Row],[Task Number]]/17, WFTracker[[#This Row],[Type]]="MAKE", WFTracker[[#This Row],[Task Number]]/18, WFTracker[[#This Row],[Type]]="CNG-BOM", WFTracker[[#This Row],[Task Number]]/11)} -> 1
A45: =IF(WFTracker[[#This Row],[Order Number]]="SWBD", "QED2", "PZ4") -> PZ4 | B45: 0050746660 | C45: 000030 | D45: =WFTracker[[#This Row],[Order Number]] & "-" & WFTracker[[#This Row],[Item]] -> 0050746660-000030 | E45: PINELLAS COUNTY DUNN WWTP _ PALM HARBOR | F45: 45730 | H45: JTV | I45: KGF | J45: WF1657370 | K45: Mech | L45: BUY | M45: ANSI 49 | N45: 45869 | O45: =NETWORKDAYS.INTL(WFTracker[[#This Row],[Start date]],WFTracker[[#This Row],[RM]],1,Holidays!D105:D120) -> 6 | P45: 45723 | Q45: 45735 | R45: 45735 | S45: =ISBLANK(WFTracker[[#This Row],[Completion Date]]) -> FALSE | T45: =TEXT(WFTracker[[#This Row],[Start date]],"mmm-yyyy") -> Mar-2025 | U45: 5 | V45: =NETWORKDAYS.INTL(WFTracker[[#This Row],[Start date]],WFTracker[[#This Row],[Due date]],1,Holidays!D105:D120) -> 9 | W45: =IF(WFTracker[[#This Row],[Competion Date Content]]= TRUE, NETWORKDAYS.INTL( WFTracker[[#This Row],[Start date]],TODAY(),1,Holidays!$D$4:$D$19), NETWORKDAYS.INTL( WFTracker[[#This Row],[Start date]],WFTracker[[#This Row],[Completion Date]],1,Holidays!$D$4:$D$19)) -> 8 | X45: =WFTracker[[#This Row],[Active Time]]-WFTracker[[#This Row],[Completion Days Template]] -> -1 | Y45: =IF(WFTracker[[#This Row],[Overdue Time '[Expected-Completion']]]>0, "LATE","ON TIME") -> ON TIME | Z45: =IF(WFTracker[[#This Row],[Overdue Time '[Expected-Completion']]] >= 15, "SUPER LATE", Y45) -> ON TIME | AA45: =IF(WFTracker[[#This Row],[Pre RM Opening Time]]<WFTracker[[#This Row],[Old vs New Order Lead Time WF dead line]], "LATE BY ENG", "ON TIME BY ENG") -> ON TIME BY ENG | AC45: =IF(WFTracker[[#This Row],[Competion Date Content]] = FALSE, "C", "i") -> C | AD45: =IF(WFTracker[[#This Row],[Competion Date Content]]=TRUE,NETWORKDAYS.INTL(WFTracker[[#This Row],[RM]],TODAY(),1,Holidays!$D$4:$D$19), NETWORKDAYS.INTL(WFTracker[[#This Row],[RM]],WFTracker[[#This Row],[Completion Date]],1,Holidays!$D$4:$D$19)) -> 3 | AE45: =IF(WFTracker[[#This Row],[Impact Time Post RM]]>0, "IMPACTED", "NOT IMPACTED") -> IMPACTED | AH45: =IF(WFTracker[[#This Row],[Status]]="C", "Closed", IF(WFTracker[[#This Row],[Status]] = "x", "Cancelled", WFTracker[[#This Row],[Impact Time Post RM]])) -> Closed | AI45: =IF(WFTracker[[#This Row],[Impact Time Post RM]]<=0,"ON TIME","LATE") -> LATE | AJ45: NA | AK45: 17 | AL45: =IF(WFTracker[[#This Row],[Type]]="MAKE", WFTracker[[#This Row],[Due date]]+Filters!$J$111, WFTracker[[#This Row],[Due date]]+Filters!$J$135) -> 45735.416 | AM45: {=_xlfn.IFS(WFTracker[[#This Row],[Type]]="BUY", WFTracker[[#This Row],[Task Number]]/17, WFTracker[[#This Row],[Type]]="MAKE", WFTracker[[#This Row],[Task Number]]/18, WFTracker[[#This Row],[Type]]="CNG-BOM", WFTracker[[#This Row],[Task Number]]/11)} -> 1
A46: =IF(WFTracker[[#This Row],[Order Number]]="SWBD", "QED2", "PZ4") -> PZ4 | B46: 0050206201 | C46: 000180 | D46: =WFTracker[[#This Row],[Order Number]] & "-" & WFTracker[[#This Row],[Item]] -> 0050206201-000180 | E46: AT&T GREENWOOD - GEAR ORDER | F46: 45762 | H46: MGL | I46: KGF | J46: WF1657391 | K46: Elec | L46: MAKE | M46: ANSI 49 | N46: 45888 | O46: =NETWORKDAYS.INTL(WFTracker[[#This Row],[Start date]],WFTracker[[#This Row],[RM]],1,Holidays!D535:D550) -> 28 | P46: 45723 | Q46: 45730 | R46: 45737 | S46: =ISBLANK(WFTracker[[#This Row],[Completion Date]]) -> FALSE | T46: =TEXT(WFTracker[[#This Row],[Start date]],"mmm-yyyy") -> Mar-2025 | U46: 5 | V46: =NETWORKDAYS.INTL(WFTracker[[#This Row],[Start date]],WFTracker[[#This Row],[Due date]],1,Holidays!D535:D550) -> 6 | W46: =IF(WFTracker[[#This Row],[Competion Date Content]]= TRUE, NETWORKDAYS.INTL( WFTracker[[#This Row],[Start date]],TODAY(),1,Holidays!$D$4:$D$19), NETWORKDAYS.INTL( WFTracker[[#This Row],[Start date]],WFTracker[[#This Row],[Completion Date]],1,Holidays!$D$4:$D$19)) -> 10 | X46: =WFTracker[[#This Row],[Active Time]]-WFTracker[[#This Row],[Completion Days Template]] -> 4 | Y46: =IF(WFTracker[[#This Row],[Overdue Time '[Expected-Completion']]]>0, "LATE","ON TIME") -> LATE | Z46: =IF(WFTracker[[#This Row],[Overdue Time '[Expected-Completion']]] >= 15, "SUPER LATE", Y46) -> LATE | AA46: =IF(WFTracker[[#This Row],[Pre RM Opening Time]]<WFTracker[[#This Row],[Old vs New Order Lead Time WF dead line]], "LATE BY ENG", "ON TIME BY ENG") -> ON TIME BY ENG | AC46: C | AD46: =IF(WFTracker[[#This Row],[Competion Date Content]]=TRUE,NETWORKDAYS.INTL(WFTracker[[#This Row],[RM]],TODAY(),1,Holidays!$D$4:$D$19), NETWORKDAYS.INTL(WFTracker[[#This Row],[RM]],WFTracker[[#This Row],[Completion Date]],1,Holidays!$D$4:$D$19)) -> -18 | AE46: =IF(WFTracker[[#This Row],[Impact Time Post RM]]>0, "IMPACTED", "NOT IMPACTED") -> NOT IMPACTED | AH46: =IF(WFTracker[[#This Row],[Status]]="C", "Closed", IF(WFTracker[[#This Row],[Status]] = "x", "Cancelled", WFTracker[[#This Row],[Impact Time Post RM]])) -> Closed | AI46: =IF(WFTracker[[#This Row],[Impact Time Post RM]]<=0,"ON TIME","LATE") -> ON TIME | AJ46: NA | AK46: 18 | AL46: =IF(WFTracker[[#This Row],[Type]]="MAKE", WFTracker[[#This Row],[Due date]]+Filters!$J$111, WFTracker[[#This Row],[Due date]]+Filters!$J$135) -> 45733.073 | AM46: {=_xlfn.IFS(WFTracker[[#This Row],[Type]]="BUY", WFTracker[[#This Row],[Task Number]]/17, WFTracker[[#This Row],[Type]]="MAKE", WFTracker[[#This Row],[Task Number]]/18, WFTracker[[#This Row],[Type]]="CNG-BOM", WFTracker[[#This Row],[Task Number]]/11)} -> 1
A47: =IF(WFTracker[[#This Row],[Order Number]]="SWBD", "QED2", "PZ4") -> PZ4 | B47: 0050206201 | C47: 000180 | D47: =WFTracker[[#This Row],[Order Number]] & "-" & WFTracker[[#This Row],[Item]] -> 0050206201-000180 | E47: AT&T GREENWOOD - GEAR ORDER | F47: 45762 | H47: MGL | I47: KGF | J47: WF1658163 | K47: Elec | L47: MAKE | M47: ANSI 49 | N47: 45888 | O47: =NETWORKDAYS.INTL(WFTracker[[#This Row],[Start date]],WFTracker[[#This Row],[RM]],1,Holidays!D519:D534) -> 27 | P47: 45726 | Q47: 45736 | R47: 45735 | S47: =ISBLANK(WFTracker[[#This Row],[Completion Date]]) -> FALSE | T47: =TEXT(WFTracker[[#This Row],[Start date]],"mmm-yyyy") -> Mar-2025 | U47: 5 | V47: =NETWORKDAYS.INTL(WFTracker[[#This Row],[Start date]],WFTracker[[#This Row],[Due date]],1,Holidays!D519:D534) -> 9 | W47: =IF(WFTracker[[#This Row],[Competion Date Content]]= TRUE, NETWORKDAYS.INTL( WFTracker[[#This Row],[Start date]],TODAY(),1,Holidays!$D$4:$D$19), NETWORKDAYS.INTL( WFTracker[[#This Row],[Start date]],WFTracker[[#This Row],[Completion Date]],1,Holidays!$D$4:$D$19)) -> 7 | X47: =WFTracker[[#This Row],[Active Time]]-WFTracker[[#This Row],[Completion Days Template]] -> -2 | Y47: =IF(WFTracker[[#This Row],[Overdue Time '[Expected-Completion']]]>0, "LATE","ON TIME") -> ON TIME | Z47: =IF(WFTracker[[#This Row],[Overdue Time '[Expected-Completion']]] >= 15, "SUPER LATE", Y47) -> ON TIME | AA47: =IF(WFTracker[[#This Row],[Pre RM Opening Time]]<WFTracker[[#This Row],[Old vs New Order Lead Time WF dead line]], "LATE BY ENG", "ON TIME BY ENG") -> ON TIME BY ENG | AC47: C | AD47: =IF(WFTracker[[#This Row],[Competion Date Content]]=TRUE,NETWORKDAYS.INTL(WFTracker[[#This Row],[RM]],TODAY(),1,Holidays!$D$4:$D$19), NETWORKDAYS.INTL(WFTracker[[#This Row],[RM]],WFTracker[[#This Row],[Completion Date]],1,Holidays!$D$4:$D$19)) -> -20 | AE47: =IF(WFTracker[[#This Row],[Impact Time Post RM]]>0, "IMPACTED", "NOT IMPACTED") -> NOT IMPACTED | AH47: =IF(WFTracker[[#This Row],[Status]]="C", "Closed", IF(WFTracker[[#This Row],[Status]] = "x", "Cancelled", WFTracker[[#This Row],[Impact Time Post RM]])) -> Closed | AI47: =IF(WFTracker[[#This Row],[Impact Time Post RM]]<=0,"ON TIME","LATE") -> ON TIME | AJ47: NA | AK47: 18 | AL47: =IF(WFTracker[[#This Row],[Type]]="MAKE", WFTracker[[#This Row],[Due date]]+Filters!$J$111, WFTracker[[#This Row],[Due date]]+Filters!$J$135) -> 45739.073 | AM47: {=_xlfn.IFS(WFTracker[[#This Row],[Type]]="BUY", WFTracker[[#This Row],[Task Number]]/17, WFTracker[[#This Row],[Type]]="MAKE", WFTracker[[#This Row],[Task Number]]/18, WFTracker[[#This Row],[Type]]="CNG-BOM", WFTracker[[#This Row],[Task Number]]/11)} -> 1
A48: =IF(WFTracker[[#This Row],[Order Number]]="SWBD", "QED2", "PZ4") -> PZ4 | B48: 0050746660 | C48: 000030 | D48: =WFTracker[[#This Row],[Order Number]] & "-" & WFTracker[[#This Row],[Item]] -> 0050746660-000030 | E48: PINELLAS COUNTY DUNN WWTP _ PALM HARBOR | F48: 45730 | H48: JTV | I48: KGF | J48: WF1659119 | K48: Elec | L48: MAKE | M48: ANSI 49 | N48: 45869 | O48: =NETWORKDAYS.INTL(WFTracker[[#This Row],[Start date]],WFTracker[[#This Row],[RM]],1,Holidays!D80:D95) -> 4 | P48: 45727 | Q48: 45736 | R48: 45740 | S48: =ISBLANK(WFTracker[[#This Row],[Completion Date]]) -> FALSE | T48: =TEXT(WFTracker[[#This Row],[Start date]],"mmm-yyyy") -> Mar-2025 | U48: 5 | V48: =NETWORKDAYS.INTL(WFTracker[[#This Row],[Start date]],WFTracker[[#This Row],[Due date]],1,Holidays!D80:D95) -> 8 | W48: =IF(WFTracker[[#This Row],[Competion Date Content]]= TRUE, NETWORKDAYS.INTL( WFTracker[[#This Row],[Start date]],TODAY(),1,Holidays!$D$4:$D$19), NETWORKDAYS.INTL( WFTracker[[#This Row],[Start date]],WFTracker[[#This Row],[Completion Date]],1,Holidays!$D$4:$D$19)) -> 9 | X48: =WFTracker[[#This Row],[Active Time]]-WFTracker[[#This Row],[Completion Days Template]] -> 1 | Y48: =IF(WFTracker[[#This Row],[Overdue Time '[Expected-Completion']]]>0, "LATE","ON TIME") -> LATE | Z48: =IF(WFTracker[[#This Row],[Overdue Time '[Expected-Completion']]] >= 15, "SUPER LATE", Y48) -> LATE | AA48: =IF(WFTracker[[#This Row],[Pre RM Opening Time]]<WFTracker[[#This Row],[Old vs New Order Lead Time WF dead line]], "LATE BY ENG", "ON TIME BY ENG") -> LATE BY ENG | AC48: C | AD48: =IF(WFTracker[[#This Row],[Competion Date Content]]=TRUE,NETWORKDAYS.INTL(WFTracker[[#This Row],[RM]],TODAY(),1,Holidays!$D$4:$D$19), NETWORKDAYS.INTL(WFTracker[[#This Row],[RM]],WFTracker[[#This Row],[Completion Date]],1,Holidays!$D$4:$D$19)) -> 6 | AE48: =IF(WFTracker[[#This Row],[Impact Time Post RM]]>0, "IMPACTED", "NOT IMPACTED") -> IMPACTED | AH48: =IF(WFTracker[[#This Row],[Status]]="C", "Closed", IF(WFTracker[[#This Row],[Status]] = "x", "Cancelled", WFTracker[[#This Row],[Impact Time Post RM]])) -> Closed | AI48: =IF(WFTracker[[#This Row],[Impact Time Post RM]]<=0,"ON TIME","LATE") -> LATE | AJ48: NA | AK48: 18 | AL48: =IF(WFTracker[[#This Row],[Type]]="MAKE", WFTracker[[#This Row],[Due date]]+Filters!$J$111, WFTracker[[#This Row],[Due date]]+Filters!$J$135) -> 45739.073 | AM48: {=_xlfn.IFS(WFTracker[[#This Row],[Type]]="BUY", WFTracker[[#This Row],[Task Number]]/17, WFTracker[[#This Row],[Type]]="MAKE", WFTracker[[#This Row],[Task Number]]/18, WFTracker[[#This Row],[Type]]="CNG-BOM", WFTracker[[#This Row],[Task Number]]/11)} -> 1
A49: =IF(WFTracker[[#This Row],[Order Number]]="SWBD", "QED2", "PZ4") -> PZ4 | B49: 0050206201 | C49: 000160 | D49: =WFTracker[[#This Row],[Order Number]] & "-" & WFTracker[[#This Row],[Item]] -> 0050206201-000160 | E49: AT&T GREENWOOD - GEAR ORDER | F49: 45769 | H49: JAM | I49: ADL | J49: WF1658800 | K49: Elec | L49: BUY | M49: ANSI 49 | N49: 45868 | O49: =NETWORKDAYS.INTL(WFTracker[[#This Row],[Start date]],WFTracker[[#This Row],[RM]],1,Holidays!D545:D560) -> 31 | P49: 45727 | Q49: 45740 | R49: 45727 | S49: =ISBLANK(WFTracker[[#This Row],[Completion Date]]) -> FALSE | T49: =TEXT(WFTracker[[#This Row],[Start date]],"mmm-yyyy") -> Mar-2025 | U49: 5 | V49: =NETWORKDAYS.INTL(WFTracker[[#This Row],[Start date]],WFTracker[[#This Row],[Due date]],1,Holidays!D545:D560) -> 10 | W49: =IF(WFTracker[[#This Row],[Competion Date Content]]= TRUE, NETWORKDAYS.INTL( WFTracker[[#This Row],[Start date]],TODAY(),1,Holidays!$D$4:$D$19), NETWORKDAYS.INTL( WFTracker[[#This Row],[Start date]],WFTracker[[#This Row],[Completion Date]],1,Holidays!$D$4:$D$19)) -> 1 | X49: =WFTracker[[#This Row],[Active Time]]-WFTracker[[#This Row],[Completion Days Template]] -> -9 | Y49: =IF(WFTracker[[#This Row],[Overdue Time '[Expected-Completion']]]>0, "LATE","ON TIME") -> ON TIME | Z49: =IF(WFTracker[[#This Row],[Overdue Time '[Expected-Completion']]] >= 15, "SUPER LATE", Y49) -> ON TIME | AA49: =IF(WFTracker[[#This Row],[Pre RM Opening Time]]<WFTracker[[#This Row],[Old vs New Order Lead Time WF dead line]], "LATE BY ENG", "ON TIME BY ENG") -> ON TIME BY ENG | AC49: X | AD49: =IF(WFTracker[[#This Row],[Competion Date Content]]=TRUE,NETWORKDAYS.INTL(WFTracker[[#This Row],[RM]],TODAY(),1,Holidays!$D$4:$D$19), NETWORKDAYS.INTL(WFTracker[[#This Row],[RM]],WFTracker[[#This Row],[Completion Date]],1,Holidays!$D$4:$D$19)) -> -28 | AE49: =IF(WFTracker[[#This Row],[Impact Time Post RM]]>0, "IMPACTED", "NOT IMPACTED") -> NOT IMPACTED | AH49: =IF(WFTracker[[#This Row],[Status]]="C", "Closed", IF(WFTracker[[#This Row],[Status]] = "x", "Cancelled", WFTracker[[#This Row],[Impact Time Post RM]])) -> Cancelled | AI49: =IF(WFTracker[[#This Row],[Impact Time Post RM]]<=0,"ON TIME","LATE") -> ON TIME | AJ49: NA | AK49: 0 | AL49: =IF(WFTracker[[#This Row],[Type]]="MAKE", WFTracker[[#This Row],[Due date]]+Filters!$J$111, WFTracker[[#This Row],[Due date]]+Filters!$J$135) -> 45740.416 | AM49: {=_xlfn.IFS(WFTracker[[#This Row],[Type]]="BUY", WFTracker[[#This Row],[Task Number]]/17, WFTracker[[#This Row],[Type]]="MAKE", WFTracker[[#This Row],[Task Number]]/18, WFTracker[[#This Row],[Type]]="CNG-BOM", WFTracker[[#This Row],[Task Number]]/11)} -> 0
A50: =IF(WFTracker[[#This Row],[Order Number]]="SWBD", "QED2", "PZ4") -> PZ4 | B50: 0051150882 | C50: 000010 | D50: =WFTracker[[#This Row],[Order Number]] & "-" & WFTracker[[#This Row],[Item]] -> 0051150882-000010 | E50: IRON MOUNTAIN RM#6 | F50: 45744 | H50: CFC | I50: OAL | J50: WF1660921 | K50: Mech | L50: MAKE | M50: ANSI 49 | N50: 45869 | O50: =NETWORKDAYS.INTL(WFTracker[[#This Row],[Start date]],WFTracker[[#This Row],[RM]],1,Holidays!D215:D230) -> 11 | P50: 45730 | Q50: 45740 | R50: 45740 | S50: =ISBLANK(WFTracker[[#This Row],[Completion Date]]) -> FALSE | T50: =TEXT(WFTracker[[#This Row],[Start date]],"mmm-yyyy") -> Mar-2025 | U50: 5 | V50: =NETWORKDAYS.INTL(WFTracker[[#This Row],[Start date]],WFTracker[[#This Row],[Due date]],1,Holidays!D215:D230) -> 7 | W50: =IF(WFTracker[[#This Row],[Competion Date Content]]= TRUE, NETWORKDAYS.INTL( WFTracker[[#This Row],[Start date]],TODAY(),1,Holidays!$D$4:$D$19), NETWORKDAYS.INTL( WFTracker[[#This Row],[Start date]],WFTracker[[#This Row],[Completion Date]],1,Holidays!$D$4:$D$19)) -> 6 | X50: =WFTracker[[#This Row],[Active Time]]-WFTracker[[#This Row],[Completion Days Template]] -> -1 | Y50: =IF(WFTracker[[#This Row],[Overdue Time '[Expected-Completion']]]>0, "LATE","ON TIME") -> ON TIME | Z50: =IF(WFTracker[[#This Row],[Overdue Time '[Expected-Completion']]] >= 15, "SUPER LATE", Y50) -> ON TIME | AA50: =IF(WFTracker[[#This Row],[Pre RM Opening Time]]<WFTracker[[#This Row],[Old vs New Order Lead Time WF dead line]], "LATE BY ENG", "ON TIME BY ENG") -> ON TIME BY ENG | AC50: =IF(WFTracker[[#This Row],[Competion Date Content]] = FALSE, "C", "i") -> C | AD50: =IF(WFTracker[[#This Row],[Competion Date Content]]=TRUE,NETWORKDAYS.INTL(WFTracker[[#This Row],[RM]],TODAY(),1,Holidays!$D$4:$D$19), NETWORKDAYS.INTL(WFTracker[[#This Row],[RM]],WFTracker[[#This Row],[Completion Date]],1,Holidays!$D$4:$D$19)) -> -5 | AE50: =IF(WFTracker[[#This Row],[Impact Time Post RM]]>0, "IMPACTED", "NOT IMPACTED") -> NOT IMPACTED | AH50: =IF(WFTracker[[#This Row],[Status]]="C", "Closed", IF(WFTracker[[#This Row],[Status]] = "x", "Cancelled", WFTracker[[#This Row],[Impact Time Post RM]])) -> Closed | AI50: =IF(WFTracker[[#This Row],[Impact Time Post RM]]<=0,"ON TIME","LATE") -> ON TIME | AJ50: NA | AK50: 18 | AL50: =IF(WFTracker[[#This Row],[Type]]="MAKE", WFTracker[[#This Row],[Due date]]+Filters!$J$111, WFTracker[[#This Row],[Due date]]+Filters!$J$135) -> 45743.073 | AM50: {=_xlfn.IFS(WFTracker[[#This Row],[Type]]="BUY", WFTracker[[#This Row],[Task Number]]/17, WFTracker[[#This Row],[Type]]="MAKE", WFTracker[[#This Row],[Task Number]]/18, WFTracker[[#This Row],[Type]]="CNG-BOM", WFTracker[[#This Row],[Task Number]]/11)} -> 1
A51: =IF(WFTracker[[#This Row],[Order Number]]="SWBD", "QED2", "PZ4") -> PZ4 | B51: 0051150882 | C51: 000010 | D51: =WFTracker[[#This Row],[Order Number]] & "-" & WFTracker[[#This Row],[Item]] -> 0051150882-000010 | E51: IRON MOUNTAIN RM#6 | F51: 45744 | H51: CFC | I51: OAL | J51: WF1660933 | K51: Mech | L51: MAKE | M51: ANSI 49 | N51: 45869 | O51: =NETWORKDAYS.INTL(WFTracker[[#This Row],[Start date]],WFTracker[[#This Row],[RM]],1,Holidays!D216:D231) -> 11 | P51: 45730 | Q51: 45740 | R51: 45742 | S51: =ISBLANK(WFTracker[[#This Row],[Completion Date]]) -> FALSE | T51: =TEXT(WFTracker[[#This Row],[Start date]],"mmm-yyyy") -> Mar-2025 | U51: 5 | V51: =NETWORKDAYS.INTL(WFTracker[[#This Row],[Start date]],WFTracker[[#This Row],[Due date]],1,Holidays!D216:D231) -> 7 | W51: =IF(WFTracker[[#This Row],[Competion Date Content]]= TRUE, NETWORKDAYS.INTL( WFTracker[[#This Row],[Start date]],TODAY(),1,Holidays!$D$4:$D$19), NETWORKDAYS.INTL( WFTracker[[#This Row],[Start date]],WFTracker[[#This Row],[Completion Date]],1,Holidays!$D$4:$D$19)) -> 8 | X51: =WFTracker[[#This Row],[Active Time]]-WFTracker[[#This Row],[Completion Days Template]] -> 1 | Y51: =IF(WFTracker[[#This Row],[Overdue Time '[Expected-Completion']]]>0, "LATE","ON TIME") -> LATE | Z51: =IF(WFTracker[[#This Row],[Overdue Time '[Expected-Completion']]] >= 15, "SUPER LATE", Y51) -> LATE | AA51: =IF(WFTracker[[#This Row],[Pre RM Opening Time]]<WFTracker[[#This Row],[Old vs New Order Lead Time WF dead line]], "LATE BY ENG", "ON TIME BY ENG") -> ON TIME BY ENG | AC51: =IF(WFTracker[[#This Row],[Competion Date Content]] = FALSE, "C", "i") -> C | AD51: =IF(WFTracker[[#This Row],[Competion Date Content]]=TRUE,NETWORKDAYS.INTL(WFTracker[[#This Row],[RM]],TODAY(),1,Holidays!$D$4:$D$19), NETWORKDAYS.INTL(WFTracker[[#This Row],[RM]],WFTracker[[#This Row],[Completion Date]],1,Holidays!$D$4:$D$19)) -> -3 | AE51: =IF(WFTracker[[#This Row],[Impact Time Post RM]]>0, "IMPACTED", "NOT IMPACTED") -> NOT IMPACTED | AH51: =IF(WFTracker[[#This Row],[Status]]="C", "Closed", IF(WFTracker[[#This Row],[Status]] = "x", "Cancelled", WFTracker[[#This Row],[Impact Time Post RM]])) -> Closed | AI51: =IF(WFTracker[[#This Row],[Impact Time Post RM]]<=0,"ON TIME","LATE") -> ON TIME | AJ51: NA | AK51: 18 | AL51: =IF(WFTracker[[#This Row],[Type]]="MAKE", WFTracker[[#This Row],[Due date]]+Filters!$J$111, WFTracker[[#This Row],[Due date]]+Filters!$J$135) -> 45743.073 | AM51: {=_xlfn.IFS(WFTracker[[#This Row],[Type]]="BUY", WFTracker[[#This Row],[Task Number]]/17, WFTracker[[#This Row],[Type]]="MAKE", WFTracker[[#This Row],[Task Number]]/18, WFTracker[[#This Row],[Type]]="CNG-BOM", WFTracker[[#This Row],[Task Number]]/11)} -> 1
A52: =IF(WFTracker[[#This Row],[Order Number]]="SWBD", "QED2", "PZ4") -> PZ4 | B52: 0051150882 | C52: 000010 | D52: =WFTracker[[#This Row],[Order Number]] & "-" & WFTracker[[#This Row],[Item]] -> 0051150882-000010 | E52: IRON MOUNTAIN RM#6 | F52: 45744 | H52: CFC | I52: OAL | J52: WF1661019 | K52: Mech | L52: MAKE | M52: ANSI 49 | N52: 45869 | O52: =NETWORKDAYS.INTL(WFTracker[[#This Row],[Start date]],WFTracker[[#This Row],[RM]],1,Holidays!D217:D232) -> 11 | P52: 45730 | Q52: 45741 | R52: 45742 | S52: =ISBLANK(WFTracker[[#This Row],[Completion Date]]) -> FALSE | T52: =TEXT(WFTracker[[#This Row],[Start date]],"mmm-yyyy") -> Mar-2025 | U52: 5 | V52: =NETWORKDAYS.INTL(WFTracker[[#This Row],[Start date]],WFTracker[[#This Row],[Due date]],1,Holidays!D217:D232) -> 8 | W52: =IF(WFTracker[[#This Row],[Competion Date Content]]= TRUE, NETWORKDAYS.INTL( WFTracker[[#This Row],[Start date]],TODAY(),1,Holidays!$D$4:$D$19), NETWORKDAYS.INTL( WFTracker[[#This Row],[Start date]],WFTracker[[#This Row],[Completion Date]],1,Holidays!$D$4:$D$19)) -> 8 | X52: =WFTracker[[#This Row],[Active Time]]-WFTracker[[#This Row],[Completion Days Template]] -> 0 | Y52: =IF(WFTracker[[#This Row],[Overdue Time '[Expected-Completion']]]>0, "LATE","ON TIME") -> ON TIME | Z52: =IF(WFTracker[[#This Row],[Overdue Time '[Expected-Completion']]] >= 15, "SUPER LATE", Y52) -> ON TIME | AA52: =IF(WFTracker[[#This Row],[Pre RM Opening Time]]<WFTracker[[#This Row],[Old vs New Order Lead Time WF dead line]], "LATE BY ENG", "ON TIME BY ENG") -> ON TIME BY ENG | AC52: =IF(WFTracker[[#This Row],[Competion Date Content]] = FALSE, "C", "i") -> C | AD52: =IF(WFTracker[[#This Row],[Competion Date Content]]=TRUE,NETWORKDAYS.INTL(WFTracker[[#This Row],[RM]],TODAY(),1,Holidays!$D$4:$D$19), NETWORKDAYS.INTL(WFTracker[[#This Row],[RM]],WFTracker[[#This Row],[Completion Date]],1,Holidays!$D$4:$D$19)) -> -3 | AE52: =IF(WFTracker[[#This Row],[Impact Time Post RM]]>0, "IMPACTED", "NOT IMPACTED") -> NOT IMPACTED | AH52: =IF(WFTracker[[#This Row],[Status]]="C", "Closed", IF(WFTracker[[#This Row],[Status]] = "x", "Cancelled", WFTracker[[#This Row],[Impact Time Post RM]])) -> Closed | AI52: =IF(WFTracker[[#This Row],[Impact Time Post RM]]<=0,"ON TIME","LATE") -> ON TIME | AJ52: NA | AK52: 18 | AL52: =IF(WFTracker[[#This Row],[Type]]="MAKE", WFTracker[[#This Row],[Due date]]+Filters!$J$111, WFTracker[[#This Row],[Due date]]+Filters!$J$135) -> 45744.073 | AM52: {=_xlfn.IFS(WFTracker[[#This Row],[Type]]="BUY", WFTracker[[#This Row],[Task Number]]/17, WFTracker[[#This Row],[Type]]="MAKE", WFTracker[[#This Row],[Task Number]]/18, WFTracker[[#This Row],[Type]]="CNG-BOM", WFTracker[[#This Row],[Task Number]]/11)} -> 1
A53: =IF(WFTracker[[#This Row],[Order Number]]="SWBD", "QED2", "PZ4") -> PZ4 | B53: 0051150882 | C53: 000010 | D53: =WFTracker[[#This Row],[Order Number]] & "-" & WFTracker[[#This Row],[Item]] -> 0051150882-000010 | E53: IRON MOUNTAIN RM#6 | F53: 45744 | H53: CFC | I53: OAL | J53: WF1660919 | K53: Mech | L53: BUY | M53: ANSI 49 | N53: 45869 | O53: =NETWORKDAYS.INTL(WFTracker[[#This Row],[Start date]],WFTracker[[#This Row],[RM]],1,Holidays!D218:D233) -> 11 | P53: 45730 | Q53: 45743 | R53: 45741 | S53: =ISBLANK(WFTracker[[#This Row],[Completion Date]]) -> FALSE | T53: =TEXT(WFTracker[[#This Row],[Start date]],"mmm-yyyy") -> Mar-2025 | U53: 5 | V53: =NETWORKDAYS.INTL(WFTracker[[#This Row],[Start date]],WFTracker[[#This Row],[Due date]],1,Holidays!D218:D233) -> 10 | W53: =IF(WFTracker[[#This Row],[Competion Date Content]]= TRUE, NETWORKDAYS.INTL( WFTracker[[#This Row],[Start date]],TODAY(),1,Holidays!$D$4:$D$19), NETWORKDAYS.INTL( WFTracker[[#This Row],[Start date]],WFTracker[[#This Row],[Completion Date]],1,Holidays!$D$4:$D$19)) -> 7 | X53: =WFTracker[[#This Row],[Active Time]]-WFTracker[[#This Row],[Completion Days Template]] -> -3 | Y53: =IF(WFTracker[[#This Row],[Overdue Time '[Expected-Completion']]]>0, "LATE","ON TIME") -> ON TIME | Z53: =IF(WFTracker[[#This Row],[Overdue Time '[Expected-Completion']]] >= 15, "SUPER LATE", Y53) -> ON TIME | AA53: =IF(WFTracker[[#This Row],[Pre RM Opening Time]]<WFTracker[[#This Row],[Old vs New Order Lead Time WF dead line]], "LATE BY ENG", "ON TIME BY ENG") -> ON TIME BY ENG | AC53: =IF(WFTracker[[#This Row],[Competion Date Content]] = FALSE, "C", "i") -> C | AD53: =IF(WFTracker[[#This Row],[Competion Date Content]]=TRUE,NETWORKDAYS.INTL(WFTracker[[#This Row],[RM]],TODAY(),1,Holidays!$D$4:$D$19), NETWORKDAYS.INTL(WFTracker[[#This Row],[RM]],WFTracker[[#This Row],[Completion Date]],1,Holidays!$D$4:$D$19)) -> -4 | AE53: =IF(WFTracker[[#This Row],[Impact Time Post RM]]>0, "IMPACTED", "NOT IMPACTED") -> NOT IMPACTED | AH53: =IF(WFTracker[[#This Row],[Status]]="C", "Closed", IF(WFTracker[[#This Row],[Status]] = "x", "Cancelled", WFTracker[[#This Row],[Impact Time Post RM]])) -> Closed | AI53: =IF(WFTracker[[#This Row],[Impact Time Post RM]]<=0,"ON TIME","LATE") -> ON TIME | AJ53: NA | AK53: 17 | AL53: =IF(WFTracker[[#This Row],[Type]]="MAKE", WFTracker[[#This Row],[Due date]]+Filters!$J$111, WFTracker[[#This Row],[Due date]]+Filters!$J$135) -> 45743.416 | AM53: {=_xlfn.IFS(WFTracker[[#This Row],[Type]]="BUY", WFTracker[[#This Row],[Task Number]]/17, WFTracker[[#This Row],[Type]]="MAKE", WFTracker[[#This Row],[Task Number]]/18, WFTracker[[#This Row],[Type]]="CNG-BOM", WFTracker[[#This Row],[Task Number]]/11)} -> 1
A54: =IF(WFTracker[[#This Row],[Order Number]]="SWBD", "QED2", "PZ4") -> PZ4 | B54: 0050206201 | C54: 000160 | D54: =WFTracker[[#This Row],[Order Number]] & "-" & WFTracker[[#This Row],[Item]] -> 0050206201-000160 | E54: AT&T GREENWOOD - GEAR ORDER | F54: 45769 | H54: JAM | I54: ADL | J54: WF1660918 | K54: Elec | L54: MAKE | M54: ANSI 49 | N54: 45868 | O54: =NETWORKDAYS.INTL(WFTracker[[#This Row],[Start date]],WFTracker[[#This Row],[RM]],1,Holidays!D512:D527) -> 28 | P54: 45730 | Q54: 45740 | R54: 45740 | S54: =ISBLANK(WFTracker[[#This Row],[Completion Date]]) -> FALSE | T54: =TEXT(WFTracker[[#This Row],[Start date]],"mmm-yyyy") -> Mar-2025 | U54: 5 | V54: =NETWORKDAYS.INTL(WFTracker[[#This Row],[Start date]],WFTracker[[#This Row],[Due date]],1,Holidays!D512:D527) -> 7 | W54: =IF(WFTracker[[#This Row],[Competion Date Content]]= TRUE, NETWORKDAYS.INTL( WFTracker[[#This Row],[Start date]],TODAY(),1,Holidays!$D$4:$D$19), NETWORKDAYS.INTL( WFTracker[[#This Row],[Start date]],WFTracker[[#This Row],[Completion Date]],1,Holidays!$D$4:$D$19)) -> 6 | X54: =WFTracker[[#This Row],[Active Time]]-WFTracker[[#This Row],[Completion Days Template]] -> -1 | Y54: =IF(WFTracker[[#This Row],[Overdue Time '[Expected-Completion']]]>0, "LATE","ON TIME") -> ON TIME | Z54: =IF(WFTracker[[#This Row],[Overdue Time '[Expected-Completion']]] >= 15, "SUPER LATE", Y54) -> ON TIME | AA54: =IF(WFTracker[[#This Row],[Pre RM Opening Time]]<WFTracker[[#This Row],[Old vs New Order Lead Time WF dead line]], "LATE BY ENG", "ON TIME BY ENG") -> ON TIME BY ENG | AC54: C | AD54: =IF(WFTracker[[#This Row],[Competion Date Content]]=TRUE,NETWORKDAYS.INTL(WFTracker[[#This Row],[RM]],TODAY(),1,Holidays!$D$4:$D$19), NETWORKDAYS.INTL(WFTracker[[#This Row],[RM]],WFTracker[[#This Row],[Completion Date]],1,Holidays!$D$4:$D$19)) -> -20 | AE54: =IF(WFTracker[[#This Row],[Impact Time Post RM]]>0, "IMPACTED", "NOT IMPACTED") -> NOT IMPACTED | AH54: =IF(WFTracker[[#This Row],[Status]]="C", "Closed", IF(WFTracker[[#This Row],[Status]] = "x", "Cancelled", WFTracker[[#This Row],[Impact Time Post RM]])) -> Closed | AI54: =IF(WFTracker[[#This Row],[Impact Time Post RM]]<=0,"ON TIME","LATE") -> ON TIME | AJ54: NA | AK54: 18 | AL54: =IF(WFTracker[[#This Row],[Type]]="MAKE", WFTracker[[#This Row],[Due date]]+Filters!$J$111, WFTracker[[#This Row],[Due date]]+Filters!$J$135) -> 45743.073 | AM54: {=_xlfn.IFS(WFTracker[[#This Row],[Type]]="BUY", WFTracker[[#This Row],[Task Number]]/17, WFTracker[[#This Row],[Type]]="MAKE", WFTracker[[#This Row],[Task Number]]/18, WFTracker[[#This Row],[Type]]="CNG-BOM", WFTracker[[#This Row],[Task Number]]/11)} -> 1
A55: =IF(WFTracker[[#This Row],[Order Number]]="SWBD", "QED2", "PZ4") -> PZ4 | B55: 0050746660 | C55: 000030 | D55: =WFTracker[[#This Row],[Order Number]] & "-" & WFTracker[[#This Row],[Item]] -> 0050746660-000030 | E55: PINELLAS COUNTY DUNN WWTP _ PALM HARBOR | F55: 45730 | H55: JTV | I55: KGF | J55: WF1663892 | K55: Mech | L55: MAKE | M55: ANSI 49 | N55: 45869 | O55: =NETWORKDAYS.INTL(WFTracker[[#This Row],[Start date]],WFTracker[[#This Row],[RM]],1,Holidays!D54:D69) -> -5 | P55: 45736 | Q55: 45743 | R55: 45743 | S55: =ISBLANK(WFTracker[[#This Row],[Completion Date]]) -> FALSE | T55: =TEXT(WFTracker[[#This Row],[Start date]],"mmm-yyyy") -> Mar-2025 | U55: 5 | V55: =NETWORKDAYS.INTL(WFTracker[[#This Row],[Start date]],WFTracker[[#This Row],[Due date]],1,Holidays!D54:D69) -> 6 | W55: =IF(WFTracker[[#This Row],[Competion Date Content]]= TRUE, NETWORKDAYS.INTL( WFTracker[[#This Row],[Start date]],TODAY(),1,Holidays!$D$4:$D$19), NETWORKDAYS.INTL( WFTracker[[#This Row],[Start date]],WFTracker[[#This Row],[Completion Date]],1,Holidays!$D$4:$D$19)) -> 6 | X55: =WFTracker[[#This Row],[Active Time]]-WFTracker[[#This Row],[Completion Days Template]] -> 0 | Y55: =IF(WFTracker[[#This Row],[Overdue Time '[Expected-Completion']]]>0, "LATE","ON TIME") -> ON TIME | Z55: =IF(WFTracker[[#This Row],[Overdue Time '[Expected-Completion']]] >= 15, "SUPER LATE", Y55) -> ON TIME | AA55: =IF(WFTracker[[#This Row],[Pre RM Opening Time]]<WFTracker[[#This Row],[Old vs New Order Lead Time WF dead line]], "LATE BY ENG", "ON TIME BY ENG") -> LATE BY ENG | AC55: =IF(WFTracker[[#This Row],[Competion Date Content]] = FALSE, "C", "i") -> C | AD55: =IF(WFTracker[[#This Row],[Competion Date Content]]=TRUE,NETWORKDAYS.INTL(WFTracker[[#This Row],[RM]],TODAY(),1,Holidays!$D$4:$D$19), NETWORKDAYS.INTL(WFTracker[[#This Row],[RM]],WFTracker[[#This Row],[Completion Date]],1,Holidays!$D$4:$D$19)) -> 9 | AE55: =IF(WFTracker[[#This Row],[Impact Time Post RM]]>0, "IMPACTED", "NOT IMPACTED") -> IMPACTED | AH55: =IF(WFTracker[[#This Row],[Status]]="C", "Closed", IF(WFTracker[[#This Row],[Status]] = "x", "Cancelled", WFTracker[[#This Row],[Impact Time Post RM]])) -> Closed | AI55: =IF(WFTracker[[#This Row],[Impact Time Post RM]]<=0,"ON TIME","LATE") -> LATE | AJ55: NA | AK55: 18 | AL55: =IF(WFTracker[[#This Row],[Type]]="MAKE", WFTracker[[#This Row],[Due date]]+Filters!$J$111, WFTracker[[#This Row],[Due date]]+Filters!$J$135) -> 45746.073 | AM55: {=_xlfn.IFS(WFTracker[[#This Row],[Type]]="BUY", WFTracker[[#This Row],[Task Number]]/17, WFTracker[[#This Row],[Type]]="MAKE", WFTracker[[#This Row],[Task Number]]/18, WFTracker[[#This Row],[Type]]="CNG-BOM", WFTracker[[#This Row],[Task Number]]/11)} -> 1
A56: =IF(WFTracker[[#This Row],[Order Number]]="SWBD", "QED2", "PZ4") -> PZ4 | B56: 0050780333 | C56: 000110 | D56: =WFTracker[[#This Row],[Order Number]] & "-" & WFTracker[[#This Row],[Item]] -> 0050780333-000110 | E56: UCSF PRAB 60CD MAR 2024 LONG LEAD SWITCH | F56: 45730 | H56: LMB | I56: ADL | J56: WF1665200 | K56: Mech | L56: MAKE | M56: ANSI 61 | N56: 45896 | O56: =NETWORKDAYS.INTL(WFTracker[[#This Row],[Start date]],WFTracker[[#This Row],[RM]],1,Holidays!D44:D59) -> -7 | P56: 45740 | Q56: 45747 | R56: 45744 | S56: =ISBLANK(WFTracker[[#This Row],[Completion Date]]) -> FALSE | T56: =TEXT(WFTracker[[#This Row],[Start date]],"mmm-yyyy") -> Mar-2025 | U56: 5 | V56: =NETWORKDAYS.INTL(WFTracker[[#This Row],[Start date]],WFTracker[[#This Row],[Due date]],1,Holidays!D44:D59) -> 6 | W56: =IF(WFTracker[[#This Row],[Competion Date Content]]= TRUE, NETWORKDAYS.INTL( WFTracker[[#This Row],[Start date]],TODAY(),1,Holidays!$D$4:$D$19), NETWORKDAYS.INTL( WFTracker[[#This Row],[Start date]],WFTracker[[#This Row],[Completion Date]],1,Holidays!$D$4:$D$19)) -> 5 | X56: =WFTracker[[#This Row],[Active Time]]-WFTracker[[#This Row],[Completion Days Template]] -> -1 | Y56: =IF(WFTracker[[#This Row],[Overdue Time '[Expected-Completion']]]>0, "LATE","ON TIME") -> ON TIME | Z56: =IF(WFTracker[[#This Row],[Overdue Time '[Expected-Completion']]] >= 15, "SUPER LATE", Y56) -> ON TIME | AA56: =IF(WFTracker[[#This Row],[Pre RM Opening Time]]<WFTracker[[#This Row],[Old vs New Order Lead Time WF dead line]], "LATE BY ENG", "ON TIME BY ENG") -> LATE BY ENG | AC56: =IF(WFTracker[[#This Row],[Competion Date Content]] = FALSE, "C", "i") -> C | AD56: =IF(WFTracker[[#This Row],[Competion Date Content]]=TRUE,NETWORKDAYS.INTL(WFTracker[[#This Row],[RM]],TODAY(),1,Holidays!$D$4:$D$19), NETWORKDAYS.INTL(WFTracker[[#This Row],[RM]],WFTracker[[#This Row],[Completion Date]],1,Holidays!$D$4:$D$19)) -> 10 | AE56: =IF(WFTracker[[#This Row],[Impact Time Post RM]]>0, "IMPACTED", "NOT IMPACTED") -> IMPACTED | AH56: =IF(WFTracker[[#This Row],[Status]]="C", "Closed", IF(WFTracker[[#This Row],[Status]] = "x", "Cancelled", WFTracker[[#This Row],[Impact Time Post RM]])) -> Closed | AI56: =IF(WFTracker[[#This Row],[Impact Time Post RM]]<=0,"ON TIME","LATE") -> LATE | AJ56: NA | AK56: 18 | AL56: =IF(WFTracker[[#This Row],[Type]]="MAKE", WFTracker[[#This Row],[Due date]]+Filters!$J$111, WFTracker[[#This Row],[Due date]]+Filters!$J$135) -> 45750.073 | AM56: {=_xlfn.IFS(WFTracker[[#This Row],[Type]]="BUY", WFTracker[[#This Row],[Task Number]]/17, WFTracker[[#This Row],[Type]]="MAKE", WFTracker[[#This Row],[Task Number]]/18, WFTracker[[#This Row],[Type]]="CNG-BOM", WFTracker[[#This Row],[Task Number]]/11)} -> 1
A57: =IF(WFTracker[[#This Row],[Order Number]]="SWBD", "QED2", "PZ4") -> PZ4 | B57: 0050780333 | C57: 000110 | D57: =WFTracker[[#This Row],[Order Number]] & "-" & WFTracker[[#This Row],[Item]] -> 0050780333-000110 | E57: UCSF PRAB 60CD MAR 2024 LONG LEAD SWITCH | F57: 45730 | H57: LMB | I57: ADL | J57: WF1665204 | K57: Mech | L57: MAKE | M57: ANSI 61 | N57: 45896 | O57: =NETWORKDAYS.INTL(WFTracker[[#This Row],[Start date]],WFTracker[[#This Row],[RM]],1,Holidays!D45:D60) -> -7 | P57: 45740 | Q57: 45747 | R57: 45744 | S57: =ISBLANK(WFTracker[[#This Row],[Completion Date]]) -> FALSE | T57: =TEXT(WFTracker[[#This Row],[Start date]],"mmm-yyyy") -> Mar-2025 | U57: 5 | V57: =NETWORKDAYS.INTL(WFTracker[[#This Row],[Start date]],WFTracker[[#This Row],[Due date]],1,Holidays!D45:D60) -> 6 | W57: =IF(WFTracker[[#This Row],[Competion Date Content]]= TRUE, NETWORKDAYS.INTL( WFTracker[[#This Row],[Start date]],TODAY(),1,Holidays!$D$4:$D$19), NETWORKDAYS.INTL( WFTracker[[#This Row],[Start date]],WFTracker[[#This Row],[Completion Date]],1,Holidays!$D$4:$D$19)) -> 5 | X57: =WFTracker[[#This Row],[Active Time]]-WFTracker[[#This Row],[Completion Days Template]] -> -1 | Y57: =IF(WFTracker[[#This Row],[Overdue Time '[Expected-Completion']]]>0, "LATE","ON TIME") -> ON TIME | Z57: =IF(WFTracker[[#This Row],[Overdue Time '[Expected-Completion']]] >= 15, "SUPER LATE", Y57) -> ON TIME | AA57: =IF(WFTracker[[#This Row],[Pre RM Opening Time]]<WFTracker[[#This Row],[Old vs New Order Lead Time WF dead line]], "LATE BY ENG", "ON TIME BY ENG") -> LATE BY ENG | AC57: =IF(WFTracker[[#This Row],[Competion Date Content]] = FALSE, "C", "i") -> C | AD57: =IF(WFTracker[[#This Row],[Competion Date Content]]=TRUE,NETWORKDAYS.INTL(WFTracker[[#This Row],[RM]],TODAY(),1,Holidays!$D$4:$D$19), NETWORKDAYS.INTL(WFTracker[[#This Row],[RM]],WFTracker[[#This Row],[Completion Date]],1,Holidays!$D$4:$D$19)) -> 10 | AE57: =IF(WFTracker[[#This Row],[Impact Time Post RM]]>0, "IMPACTED", "NOT IMPACTED") -> IMPACTED | AH57: =IF(WFTracker[[#This Row],[Status]]="C", "Closed", IF(WFTracker[[#This Row],[Status]] = "x", "Cancelled", WFTracker[[#This Row],[Impact Time Post RM]])) -> Closed | AI57: =IF(WFTracker[[#This Row],[Impact Time Post RM]]<=0,"ON TIME","LATE") -> LATE | AJ57: NA | AK57: 18 | AL57: =IF(WFTracker[[#This Row],[Type]]="MAKE", WFTracker[[#This Row],[Due date]]+Filters!$J$111, WFTracker[[#This Row],[Due date]]+Filters!$J$135) -> 45750.073 | AM57: {=_xlfn.IFS(WFTracker[[#This Row],[Type]]="BUY", WFTracker[[#This Row],[Task Number]]/17, WFTracker[[#This Row],[Type]]="MAKE", WFTracker[[#This Row],[Task Number]]/18, WFTracker[[#This Row],[Type]]="CNG-BOM", WFTracker[[#This Row],[Task Number]]/11)} -> 1
A58: =IF(WFTracker[[#This Row],[Order Number]]="SWBD", "QED2", "PZ4") -> PZ4 | B58: 0050206201 | C58: 000170 | D58: =WFTracker[[#This Row],[Order Number]] & "-" & WFTracker[[#This Row],[Item]] -> 0050206201-000170 | E58: AT&T GREENWOOD - GEAR ORDER | F58: 45762 | H58: DR | I58: OAL | J58: WF1667259 | K58: Mech | L58: MAKE | M58: ANSI 49 | N58: 45888 | O58: =NETWORKDAYS.INTL(WFTracker[[#This Row],[Start date]],WFTracker[[#This Row],[RM]],1,Holidays!D337:D352) -> 14 | P58: 45743 | Q58: 45750 | R58: 45759 | S58: =ISBLANK(WFTracker[[#This Row],[Completion Date]]) -> FALSE | T58: =TEXT(WFTracker[[#This Row],[Start date]],"mmm-yyyy") -> Mar-2025 | U58: 5 | V58: =NETWORKDAYS.INTL(WFTracker[[#This Row],[Start date]],WFTracker[[#This Row],[Due date]],1,Holidays!D337:D352) -> 6 | W58: =IF(WFTracker[[#This Row],[Competion Date Content]]= TRUE, NETWORKDAYS.INTL( WFTracker[[#This Row],[Start date]],TODAY(),1,Holidays!$D$4:$D$19), NETWORKDAYS.INTL( WFTracker[[#This Row],[Start date]],WFTracker[[#This Row],[Completion Date]],1,Holidays!$D$4:$D$19)) -> 12 | X58: =WFTracker[[#This Row],[Active Time]]-WFTracker[[#This Row],[Completion Days Template]] -> 6 | Y58: =IF(WFTracker[[#This Row],[Overdue Time '[Expected-Completion']]]>0, "LATE","ON TIME") -> LATE | Z58: =IF(WFTracker[[#This Row],[Overdue Time '[Expected-Completion']]] >= 15, "SUPER LATE", Y58) -> LATE | AA58: =IF(WFTracker[[#This Row],[Pre RM Opening Time]]<WFTracker[[#This Row],[Old vs New Order Lead Time WF dead line]], "LATE BY ENG", "ON TIME BY ENG") -> ON TIME BY ENG | AC58: =IF(WFTracker[[#This Row],[Competion Date Content]] = FALSE, "C", "i") -> C | AD58: =IF(WFTracker[[#This Row],[Competion Date Content]]=TRUE,NETWORKDAYS.INTL(WFTracker[[#This Row],[RM]],TODAY(),1,Holidays!$D$4:$D$19), NETWORKDAYS.INTL(WFTracker[[#This Row],[RM]],WFTracker[[#This Row],[Completion Date]],1,Holidays!$D$4:$D$19)) -> -2 | AE58: =IF(WFTracker[[#This Row],[Impact Time Post RM]]>0, "IMPACTED", "NOT IMPACTED") -> NOT IMPACTED | AH58: =IF(WFTracker[[#This Row],[Status]]="C", "Closed", IF(WFTracker[[#This Row],[Status]] = "x", "Cancelled", WFTracker[[#This Row],[Impact Time Post RM]])) -> Closed | AI58: =IF(WFTracker[[#This Row],[Impact Time Post RM]]<=0,"ON TIME","LATE") -> ON TIME | AJ58: NA | AK58: 18 | AL58: =IF(WFTracker[[#This Row],[Type]]="MAKE", WFTracker[[#This Row],[Due date]]+Filters!$J$111, WFTracker[[#This Row],[Due date]]+Filters!$J$135) -> 45753.073 | AM58: {=_xlfn.IFS(WFTracker[[#This Row],[Type]]="BUY", WFTracker[[#This Row],[Task Number]]/17, WFTracker[[#This Row],[Type]]="MAKE", WFTracker[[#This Row],[Task Number]]/18, WFTracker[[#This Row],[Type]]="CNG-BOM", WFTracker[[#This Row],[Task Number]]/11)} -> 1
A59: =IF(WFTracker[[#This Row],[Order Number]]="SWBD", "QED2", "PZ4") -> PZ4 | B59: 0050206201 | C59: 000180 | D59: =WFTracker[[#This Row],[Order Number]] & "-" & WFTracker[[#This Row],[Item]] -> 0050206201-000180 | E59: AT&T GREENWOOD - GEAR ORDER | F59: 45762 | H59: MGL | I59: KGF | J59: WF1668522 | K59: Mech | L59: MAKE | M59: ANSI 49 | N59: 45888 | O59: =NETWORKDAYS.INTL(WFTracker[[#This Row],[Start date]],WFTracker[[#This Row],[RM]],1,Holidays!D277:D292) -> 12 | P59: 45747 | Q59: 45755 | R59: 45759 | S59: =ISBLANK(WFTracker[[#This Row],[Completion Date]]) -> FALSE | T59: =TEXT(WFTracker[[#This Row],[Start date]],"mmm-yyyy") -> Mar-2025 | U59: 5 | V59: =NETWORKDAYS.INTL(WFTracker[[#This Row],[Start date]],WFTracker[[#This Row],[Due date]],1,Holidays!D277:D292) -> 7 | W59: =IF(WFTracker[[#This Row],[Competion Date Content]]= TRUE, NETWORKDAYS.INTL( WFTracker[[#This Row],[Start date]],TODAY(),1,Holidays!$D$4:$D$19), NETWORKDAYS.INTL( WFTracker[[#This Row],[Start date]],WFTracker[[#This Row],[Completion Date]],1,Holidays!$D$4:$D$19)) -> 10 | X59: =WFTracker[[#This Row],[Active Time]]-WFTracker[[#This Row],[Completion Days Template]] -> 3 | Y59: =IF(WFTracker[[#This Row],[Overdue Time '[Expected-Completion']]]>0, "LATE","ON TIME") -> LATE | Z59: =IF(WFTracker[[#This Row],[Overdue Time '[Expected-Completion']]] >= 15, "SUPER LATE", Y59) -> LATE | AA59: =IF(WFTracker[[#This Row],[Pre RM Opening Time]]<WFTracker[[#This Row],[Old vs New Order Lead Time WF dead line]], "LATE BY ENG", "ON TIME BY ENG") -> ON TIME BY ENG | AC59: =IF(WFTracker[[#This Row],[Competion Date Content]] = FALSE, "C", "I") -> C | AD59: =IF(WFTracker[[#This Row],[Competion Date Content]]=TRUE,NETWORKDAYS.INTL(WFTracker[[#This Row],[RM]],TODAY(),1,Holidays!$D$4:$D$19), NETWORKDAYS.INTL(WFTracker[[#This Row],[RM]],WFTracker[[#This Row],[Completion Date]],1,Holidays!$D$4:$D$19)) -> -2 | AE59: =IF(WFTracker[[#This Row],[Impact Time Post RM]]>0, "IMPACTED", "NOT IMPACTED") -> NOT IMPACTED | AH59: =IF(WFTracker[[#This Row],[Status]]="C", "Closed", IF(WFTracker[[#This Row],[Status]] = "x", "Cancelled", WFTracker[[#This Row],[Impact Time Post RM]])) -> Closed | AI59: =IF(WFTracker[[#This Row],[Impact Time Post RM]]<=0,"ON TIME","LATE") -> ON TIME | AJ59: NA | AK59: 18 | AL59: =IF(WFTracker[[#This Row],[Type]]="MAKE", WFTracker[[#This Row],[Due date]]+Filters!$J$111, WFTracker[[#This Row],[Due date]]+Filters!$J$135) -> 45758.073 | AM59: {=_xlfn.IFS(WFTracker[[#This Row],[Type]]="BUY", WFTracker[[#This Row],[Task Number]]/17, WFTracker[[#This Row],[Type]]="MAKE", WFTracker[[#This Row],[Task Number]]/18, WFTracker[[#This Row],[Type]]="CNG-BOM", WFTracker[[#This Row],[Task Number]]/11)} -> 1
A60: =IF(WFTracker[[#This Row],[Order Number]]="SWBD", "QED2", "PZ4") -> PZ4 | B60: 0050206201 | C60: 000180 | D60: =WFTracker[[#This Row],[Order Number]] & "-" & WFTracker[[#This Row],[Item]] -> 0050206201-000180 | E60: AT&T GREENWOOD - GEAR ORDER | F60: 45762 | H60: MGL | I60: KGF | J60: WF1668543 | K60: Mech | L60: MAKE | M60: ANSI 49 | N60: 45888 | O60: =NETWORKDAYS.INTL(WFTracker[[#This Row],[Start date]],WFTracker[[#This Row],[RM]],1,Holidays!D278:D293) -> 12 | P60: 45747 | Q60: 45755 | R60: 45759 | S60: =ISBLANK(WFTracker[[#This Row],[Completion Date]]) -> FALSE | T60: =TEXT(WFTracker[[#This Row],[Start date]],"mmm-yyyy") -> Mar-2025 | U60: 5 | V60: =NETWORKDAYS.INTL(WFTracker[[#This Row],[Start date]],WFTracker[[#This Row],[Due date]],1,Holidays!D278:D293) -> 7 | W60: =IF(WFTracker[[#This Row],[Competion Date Content]]= TRUE, NETWORKDAYS.INTL( WFTracker[[#This Row],[Start date]],TODAY(),1,Holidays!$D$4:$D$19), NETWORKDAYS.INTL( WFTracker[[#This Row],[Start date]],WFTracker[[#This Row],[Completion Date]],1,Holidays!$D$4:$D$19)) -> 10 | X60: =WFTracker[[#This Row],[Active Time]]-WFTracker[[#This Row],[Completion Days Template]] -> 3 | Y60: =IF(WFTracker[[#This Row],[Overdue Time '[Expected-Completion']]]>0, "LATE","ON TIME") -> LATE | Z60: =IF(WFTracker[[#This Row],[Overdue Time '[Expected-Completion']]] >= 15, "SUPER LATE", Y60) -> LATE | AA60: =IF(WFTracker[[#This Row],[Pre RM Opening Time]]<WFTracker[[#This Row],[Old vs New Order Lead Time WF dead line]], "LATE BY ENG", "ON TIME BY ENG") -> ON TIME BY ENG | AC60: =IF(WFTracker[[#This Row],[Competion Date Content]] = FALSE, "C", "I") -> C | AD60: =IF(WFTracker[[#This Row],[Competion Date Content]]=TRUE,NETWORKDAYS.INTL(WFTracker[[#This Row],[RM]],TODAY(),1,Holidays!$D$4:$D$19), NETWORKDAYS.INTL(WFTracker[[#This Row],[RM]],WFTracker[[#This Row],[Completion Date]],1,Holidays!$D$4:$D$19)) -> -2 | AE60: =IF(WFTracker[[#This Row],[Impact Time Post RM]]>0, "IMPACTED", "NOT IMPACTED") -> NOT IMPACTED | AH60: =IF(WFTracker[[#This Row],[Status]]="C", "Closed", IF(WFTracker[[#This Row],[Status]] = "x", "Cancelled", WFTracker[[#This Row],[Impact Time Post RM]])) -> Closed | AI60: =IF(WFTracker[[#This Row],[Impact Time Post RM]]<=0,"ON TIME","LATE") -> ON TIME | AJ60: NA | AK60: 18 | AL60: =IF(WFTracker[[#This Row],[Type]]="MAKE", WFTracker[[#This Row],[Due date]]+Filters!$J$111, WFTracker[[#This Row],[Due date]]+Filters!$J$135) -> 45758.073 | AM60: {=_xlfn.IFS(WFTracker[[#This Row],[Type]]="BUY", WFTracker[[#This Row],[Task Number]]/17, WFTracker[[#This Row],[Type]]="MAKE", WFTracker[[#This Row],[Task Number]]/18, WFTracker[[#This Row],[Type]]="CNG-BOM", WFTracker[[#This Row],[Task Number]]/11)} -> 1
A61: =IF(WFTracker[[#This Row],[Order Number]]="SWBD", "QED2", "PZ4") -> PZ4 | B61: 0050206201 | C61: 000180 | D61: =WFTracker[[#This Row],[Order Number]] & "-" & WFTracker[[#This Row],[Item]] -> 0050206201-000180 | E61: AT&T GREENWOOD - GEAR ORDER | F61: 45762 | H61: MGL | I61: KGF | J61: WF1668571 | K61: Mech | L61: BUY | M61: ANSI 49 | N61: 45888 | O61: =NETWORKDAYS.INTL(WFTracker[[#This Row],[Start date]],WFTracker[[#This Row],[RM]],1,Holidays!D279:D294) -> 12 | P61: 45747 | Q61: 45757 | R61: 45758 | S61: =ISBLANK(WFTracker[[#This Row],[Completion Date]]) -> FALSE | T61: =TEXT(WFTracker[[#This Row],[Start date]],"mmm-yyyy") -> Mar-2025 | U61: 5 | V61: =NETWORKDAYS.INTL(WFTracker[[#This Row],[Start date]],WFTracker[[#This Row],[Due date]],1,Holidays!D279:D294) -> 9 | W61: =IF(WFTracker[[#This Row],[Competion Date Content]]= TRUE, NETWORKDAYS.INTL( WFTracker[[#This Row],[Start date]],TODAY(),1,Holidays!$D$4:$D$19), NETWORKDAYS.INTL( WFTracker[[#This Row],[Start date]],WFTracker[[#This Row],[Completion Date]],1,Holidays!$D$4:$D$19)) -> 10 | X61: =WFTracker[[#This Row],[Active Time]]-WFTracker[[#This Row],[Completion Days Template]] -> 1 | Y61: =IF(WFTracker[[#This Row],[Overdue Time '[Expected-Completion']]]>0, "LATE","ON TIME") -> LATE | Z61: =IF(WFTracker[[#This Row],[Overdue Time '[Expected-Completion']]] >= 15, "SUPER LATE", Y61) -> LATE | AA61: =IF(WFTracker[[#This Row],[Pre RM Opening Time]]<WFTracker[[#This Row],[Old vs New Order Lead Time WF dead line]], "LATE BY ENG", "ON TIME BY ENG") -> ON TIME BY ENG | AC61: =IF(WFTracker[[#This Row],[Competion Date Content]] = FALSE, "C", "I") -> C | AD61: =IF(WFTracker[[#This Row],[Competion Date Content]]=TRUE,NETWORKDAYS.INTL(WFTracker[[#This Row],[RM]],TODAY(),1,Holidays!$D$4:$D$19), NETWORKDAYS.INTL(WFTracker[[#This Row],[RM]],WFTracker[[#This Row],[Completion Date]],1,Holidays!$D$4:$D$19)) -> -3 | AE61: =IF(WFTracker[[#This Row],[Impact Time Post RM]]>0, "IMPACTED", "NOT IMPACTED") -> NOT IMPACTED | AH61: =IF(WFTracker[[#This Row],[Status]]="C", "Closed", IF(WFTracker[[#This Row],[Status]] = "x", "Cancelled", WFTracker[[#This Row],[Impact Time Post RM]])) -> Closed | AI61: =IF(WFTracker[[#This Row],[Impact Time Post RM]]<=0,"ON TIME","LATE") -> ON TIME | AJ61: NA | AK61: 17 | AL61: =IF(WFTracker[[#This Row],[Type]]="MAKE", WFTracker[[#This Row],[Due date]]+Filters!$J$111, WFTracker[[#This Row],[Due date]]+Filters!$J$135) -> 45757.416 | AM61: {=_xlfn.IFS(WFTracker[[#This Row],[Type]]="BUY", WFTracker[[#This Row],[Task Number]]/17, WFTracker[[#This Row],[Type]]="MAKE", WFTracker[[#This Row],[Task Number]]/18, WFTracker[[#This Row],[Type]]="CNG-BOM", WFTracker[[#This Row],[Task Number]]/11)} -> 1
A62: =IF(WFTracker[[#This Row],[Order Number]]="SWBD", "QED2", "PZ4") -> PZ4 | B62: 0050206201 | C62: 000180 | D62: =WFTracker[[#This Row],[Order Number]] & "-" & WFTracker[[#This Row],[Item]] -> 0050206201-000180 | E62: AT&T GREENWOOD - GEAR ORDER | F62: 45762 | H62: MGL | I62: KGF | J62: WF1669049 | K62: Mech | L62: MAKE | M62: ANSI 49 | N62: 45888 | O62: =NETWORKDAYS.INTL(WFTracker[[#This Row],[Start date]],WFTracker[[#This Row],[RM]],1,Holidays!D245:D260) -> 11 | P62: 45748 | Q62: 45755 | R62: 45759 | S62: =ISBLANK(WFTracker[[#This Row],[Completion Date]]) -> FALSE | T62: =TEXT(WFTracker[[#This Row],[Start date]],"mmm-yyyy") -> Apr-2025 | U62: 5 | V62: =NETWORKDAYS.INTL(WFTracker[[#This Row],[Start date]],WFTracker[[#This Row],[Due date]],1,Holidays!D245:D260) -> 6 | W62: =IF(WFTracker[[#This Row],[Competion Date Content]]= TRUE, NETWORKDAYS.INTL( WFTracker[[#This Row],[Start date]],TODAY(),1,Holidays!$D$4:$D$19), NETWORKDAYS.INTL( WFTracker[[#This Row],[Start date]],WFTracker[[#This Row],[Completion Date]],1,Holidays!$D$4:$D$19)) -> 9 | X62: =WFTracker[[#This Row],[Active Time]]-WFTracker[[#This Row],[Completion Days Template]] -> 3 | Y62: =IF(WFTracker[[#This Row],[Overdue Time '[Expected-Completion']]]>0, "LATE","ON TIME") -> LATE | Z62: =IF(WFTracker[[#This Row],[Overdue Time '[Expected-Completion']]] >= 15, "SUPER LATE", Y62) -> LATE | AA62: =IF(WFTracker[[#This Row],[Pre RM Opening Time]]<WFTracker[[#This Row],[Old vs New Order Lead Time WF dead line]], "LATE BY ENG", "ON TIME BY ENG") -> ON TIME BY ENG | AC62: =IF(WFTracker[[#This Row],[Competion Date Content]] = FALSE, "C", "I") -> C | AD62: =IF(WFTracker[[#This Row],[Competion Date Content]]=TRUE,NETWORKDAYS.INTL(WFTracker[[#This Row],[RM]],TODAY(),1,Holidays!$D$4:$D$19), NETWORKDAYS.INTL(WFTracker[[#This Row],[RM]],WFTracker[[#This Row],[Completion Date]],1,Holidays!$D$4:$D$19)) -> -2 | AE62: =IF(WFTracker[[#This Row],[Impact Time Post RM]]>0, "IMPACTED", "NOT IMPACTED") -> NOT IMPACTED | AH62: =IF(WFTracker[[#This Row],[Status]]="C", "Closed", IF(WFTracker[[#This Row],[Status]] = "x", "Cancelled", WFTracker[[#This Row],[Impact Time Post RM]])) -> Closed | AI62: =IF(WFTracker[[#This Row],[Impact Time Post RM]]<=0,"ON TIME","LATE") -> ON TIME | AJ62: NA | AK62: 18 | AL62: =IF(WFTracker[[#This Row],[Type]]="MAKE", WFTracker[[#This Row],[Due date]]+Filters!$J$111, WFTracker[[#This Row],[Due date]]+Filters!$J$135) -> 45758.073 | AM62: {=_xlfn.IFS(WFTracker[[#This Row],[Type]]="BUY", WFTracker[[#This Row],[Task Number]]/17, WFTracker[[#This Row],[Type]]="MAKE", WFTracker[[#This Row],[Task Number]]/18, WFTracker[[#This Row],[Type]]="CNG-BOM", WFTracker[[#This Row],[Task Number]]/11)} -> 1
